-- phpMyAdmin SQL Dump
-- version 4.1.14
-- http://www.phpmyadmin.net
--
-- Hoszt: 127.0.0.1
-- Létrehozás ideje: 2016. Júl 29. 20:23
-- Szerver verzió: 5.6.17
-- PHP verzió: 5.5.12

SET SQL_MODE = "NO_AUTO_VALUE_ON_ZERO";
SET time_zone = "+00:00";


/*!40101 SET @OLD_CHARACTER_SET_CLIENT=@@CHARACTER_SET_CLIENT */;
/*!40101 SET @OLD_CHARACTER_SET_RESULTS=@@CHARACTER_SET_RESULTS */;
/*!40101 SET @OLD_COLLATION_CONNECTION=@@COLLATION_CONNECTION */;
/*!40101 SET NAMES utf8 */;

--
-- Adatbázis: `lataupe`
--

-- --------------------------------------------------------

--
-- Tábla szerkezet ehhez a táblához `tau_courses`
--

CREATE TABLE IF NOT EXISTS `tau_courses` (
  `id` int(11) NOT NULL AUTO_INCREMENT,
  `id_subjects` int(11) unsigned NOT NULL,
  `time_start` time NOT NULL,
  `time_end` time NOT NULL,
  `id_groups` int(11) unsigned NOT NULL,
  `id_teachers` int(11) unsigned NOT NULL,
  `id_day` int(11) unsigned NOT NULL,
  `id_week` int(11) unsigned NOT NULL,
  PRIMARY KEY (`id`)
) ENGINE=MyISAM  DEFAULT CHARSET=utf8 AUTO_INCREMENT=416 ;

--
-- A tábla adatainak kiíratása `tau_courses`
--

INSERT INTO `tau_courses` (`id`, `id_subjects`, `time_start`, `time_end`, `id_groups`, `id_teachers`, `id_day`, `id_week`) VALUES
(309, 3, '09:15:00', '10:15:00', 1, 1, 3, 2),
(308, 3, '08:15:00', '09:15:00', 1, 1, 3, 2),
(288, 3, '09:15:00', '10:15:00', 1, 1, 3, 1),
(299, 2, '16:00:00', '17:00:00', 1, 1, 5, 1),
(294, 4, '09:15:00', '10:15:00', 1, 2, 4, 1),
(322, 4, '09:15:00', '10:15:00', 1, 2, 6, 2),
(147, 3, '09:15:00', '10:15:00', 4, 1, 5, 1),
(290, 3, '11:30:00', '12:30:00', 1, 1, 3, 1),
(286, 3, '11:30:00', '12:30:00', 1, 1, 2, 1),
(282, 3, '11:30:00', '12:30:00', 1, 1, 1, 1),
(321, 4, '08:15:00', '09:15:00', 1, 2, 6, 2),
(297, 3, '14:00:00', '15:00:00', 1, 1, 5, 1),
(301, 4, '09:15:00', '10:15:00', 1, 2, 6, 1),
(281, 3, '10:30:00', '11:30:00', 1, 1, 1, 1),
(285, 3, '10:30:00', '11:30:00', 1, 1, 2, 1),
(296, 4, '11:30:00', '12:30:00', 1, 2, 4, 1),
(295, 4, '10:30:00', '11:30:00', 1, 2, 4, 1),
(300, 4, '08:15:00', '09:15:00', 1, 2, 6, 1),
(317, 4, '11:30:00', '12:30:00', 1, 2, 4, 2),
(316, 4, '10:30:00', '11:30:00', 1, 2, 4, 2),
(313, 16, '15:00:00', '16:00:00', 1, 5, 3, 2),
(149, 4, '11:30:00', '12:30:00', 4, 2, 5, 1),
(151, 3, '09:15:00', '10:15:00', 4, 1, 5, 2),
(153, 4, '11:30:00', '12:30:00', 4, 2, 5, 2),
(157, 3, '11:30:00', '12:30:00', 5, 1, 5, 1),
(156, 3, '10:30:00', '11:30:00', 5, 1, 5, 1),
(155, 4, '09:15:00', '10:15:00', 5, 2, 5, 1),
(154, 4, '08:15:00', '09:15:00', 5, 2, 5, 1),
(152, 4, '10:30:00', '11:30:00', 4, 2, 5, 2),
(150, 3, '08:15:00', '09:15:00', 4, 1, 5, 2),
(148, 4, '10:30:00', '11:30:00', 4, 2, 5, 1),
(146, 3, '08:15:00', '09:15:00', 4, 1, 5, 1),
(289, 3, '10:30:00', '11:30:00', 1, 1, 3, 1),
(293, 17, '08:15:00', '09:15:00', 1, 6, 4, 1),
(291, 16, '14:00:00', '15:00:00', 1, 5, 3, 1),
(305, 15, '09:15:00', '10:15:00', 1, 4, 2, 2),
(292, 16, '15:00:00', '16:00:00', 1, 5, 3, 1),
(284, 15, '09:15:00', '10:15:00', 1, 4, 2, 1),
(302, 3, '10:30:00', '11:30:00', 1, 1, 1, 2),
(287, 3, '08:15:00', '09:15:00', 1, 1, 3, 1),
(315, 4, '09:15:00', '10:15:00', 1, 2, 4, 2),
(314, 17, '08:15:00', '09:15:00', 1, 6, 4, 2),
(312, 16, '14:00:00', '15:00:00', 1, 5, 3, 2),
(303, 3, '11:30:00', '12:30:00', 1, 1, 1, 2),
(307, 3, '11:30:00', '12:30:00', 1, 1, 2, 2),
(298, 3, '15:00:00', '16:00:00', 1, 1, 5, 1),
(310, 3, '10:30:00', '11:30:00', 1, 1, 3, 2),
(320, 2, '16:00:00', '17:00:00', 1, 1, 5, 2),
(306, 3, '10:30:00', '11:30:00', 1, 1, 2, 2),
(319, 3, '15:00:00', '16:00:00', 1, 1, 5, 2),
(318, 3, '14:00:00', '15:00:00', 1, 1, 5, 2),
(304, 15, '08:15:00', '09:15:00', 1, 4, 2, 2),
(283, 15, '08:15:00', '09:15:00', 1, 4, 2, 1),
(158, 4, '08:15:00', '09:15:00', 5, 2, 5, 2),
(159, 4, '09:15:00', '10:15:00', 5, 2, 5, 2),
(160, 3, '10:30:00', '11:30:00', 5, 1, 5, 2),
(161, 3, '11:30:00', '12:30:00', 5, 1, 5, 2),
(415, 18, '19:00:00', '20:00:00', 6, 1, 2, 2),
(414, 18, '18:00:00', '19:00:00', 6, 1, 2, 2),
(413, 18, '19:00:00', '20:00:00', 6, 1, 3, 1),
(412, 18, '18:00:00', '19:00:00', 6, 1, 3, 1),
(411, 18, '19:00:00', '20:00:00', 6, 1, 2, 1),
(410, 18, '18:00:00', '19:00:00', 6, 1, 2, 1),
(168, 18, '18:00:00', '19:00:00', 7, 1, 2, 1),
(169, 18, '19:00:00', '20:00:00', 7, 1, 2, 1),
(170, 18, '18:00:00', '19:00:00', 7, 1, 2, 2),
(171, 18, '19:00:00', '20:00:00', 7, 1, 2, 2),
(172, 18, '18:00:00', '19:00:00', 7, 1, 3, 2),
(173, 18, '19:00:00', '20:00:00', 7, 1, 3, 2),
(174, 2, '15:00:00', '16:00:00', 8, 1, 1, 1),
(175, 2, '15:00:00', '16:00:00', 8, 1, 1, 2),
(176, 2, '16:00:00', '17:00:00', 9, 1, 1, 1),
(177, 2, '16:00:00', '17:00:00', 9, 1, 1, 2),
(178, 2, '17:00:00', '18:00:00', 10, 1, 1, 1),
(179, 2, '17:00:00', '18:00:00', 10, 1, 1, 2),
(328, 8, '15:00:00', '16:00:00', 11, 8, 2, 2),
(326, 8, '15:00:00', '16:00:00', 11, 8, 2, 1),
(327, 8, '14:00:00', '15:00:00', 11, 8, 1, 2),
(325, 8, '14:00:00', '15:00:00', 11, 8, 1, 1),
(332, 8, '15:00:00', '16:00:00', 12, 8, 2, 2),
(330, 8, '15:00:00', '16:00:00', 12, 8, 2, 1),
(331, 8, '09:15:00', '10:15:00', 12, 8, 1, 2),
(329, 8, '09:15:00', '10:15:00', 12, 8, 1, 1),
(336, 4, '15:00:00', '16:00:00', 14, 2, 2, 2),
(335, 4, '15:00:00', '16:00:00', 14, 2, 2, 1),
(409, 4, '14:00:00', '15:00:00', 13, 2, 2, 2),
(311, 3, '11:30:00', '12:30:00', 1, 1, 3, 2),
(323, 12, '19:00:00', '20:00:00', 2, 10, 2, 1),
(324, 12, '19:00:00', '20:00:00', 2, 10, 2, 2),
(341, 6, '09:15:00', '10:15:00', 16, 3, 1, 1),
(342, 6, '18:00:00', '19:00:00', 16, 3, 1, 1),
(343, 6, '19:00:00', '20:00:00', 16, 3, 1, 1),
(344, 6, '09:15:00', '10:15:00', 16, 3, 1, 2),
(345, 6, '18:00:00', '19:00:00', 16, 3, 1, 2),
(346, 6, '19:00:00', '20:00:00', 16, 3, 1, 2),
(347, 6, '14:00:00', '15:00:00', 17, 3, 2, 1),
(348, 6, '18:00:00', '19:00:00', 17, 3, 2, 1),
(349, 6, '19:00:00', '20:00:00', 17, 3, 2, 1),
(350, 6, '14:00:00', '15:00:00', 17, 3, 2, 2),
(351, 6, '18:00:00', '19:00:00', 17, 3, 2, 2),
(352, 6, '19:00:00', '20:00:00', 17, 3, 2, 2),
(408, 4, '14:00:00', '15:00:00', 13, 2, 2, 1),
(398, 10, '16:00:00', '17:00:00', 15, 7, 1, 2),
(397, 10, '15:00:00', '16:00:00', 15, 7, 1, 2),
(396, 10, '16:00:00', '17:00:00', 15, 7, 1, 1),
(395, 10, '15:00:00', '16:00:00', 15, 7, 1, 1);

-- --------------------------------------------------------

--
-- Tábla szerkezet ehhez a táblához `tau_drive_folders`
--

CREATE TABLE IF NOT EXISTS `tau_drive_folders` (
  `id` int(11) unsigned NOT NULL AUTO_INCREMENT,
  `name` varchar(255) NOT NULL,
  `id_parent` int(11) unsigned NOT NULL,
  PRIMARY KEY (`id`)
) ENGINE=MyISAM  DEFAULT CHARSET=utf8 AUTO_INCREMENT=18 ;

--
-- A tábla adatainak kiíratása `tau_drive_folders`
--

INSERT INTO `tau_drive_folders` (`id`, `name`, `id_parent`) VALUES
(1, 'Test', 0),
(2, 'Dossier sans nom', 0),
(3, 'Dossier sans nom 2', 0),
(4, 'Dossier sans nom', 0),
(5, 'Dossier sans nom', 0),
(6, 'Dossier sans nom', 0),
(7, 'Dossier sans nom', 0),
(8, 'Dossier sans nom', 0),
(9, 'Dossier sans nom', 0),
(10, 'Dossier sans nom', 0),
(11, 'Dossier sans nom', 0),
(12, 'Dossier sans nom', 0),
(13, 'Test n°1', 0),
(14, '"TEszt 1543"', 3),
(15, 'Oliver Facklam', 0),
(16, 'Sebastian', 0),
(17, 'Léo', 0);

-- --------------------------------------------------------

--
-- Tábla szerkezet ehhez a táblához `tau_events`
--

CREATE TABLE IF NOT EXISTS `tau_events` (
  `id` int(10) unsigned NOT NULL AUTO_INCREMENT,
  `name` varchar(255) NOT NULL,
  `comment` varchar(500) NOT NULL,
  `start` datetime NOT NULL,
  `end` datetime NOT NULL,
  PRIMARY KEY (`id`)
) ENGINE=InnoDB  DEFAULT CHARSET=latin1 AUTO_INCREMENT=3 ;

-- --------------------------------------------------------

--
-- Tábla szerkezet ehhez a táblához `tau_events_groups`
--

CREATE TABLE IF NOT EXISTS `tau_events_groups` (
  `id` int(10) unsigned NOT NULL AUTO_INCREMENT,
  `id_events` int(11) NOT NULL,
  `id_groups` int(11) NOT NULL,
  PRIMARY KEY (`id`)
) ENGINE=InnoDB  DEFAULT CHARSET=latin1 AUTO_INCREMENT=4 ;

--
-- A tábla adatainak kiíratása `tau_events_groups`
--

INSERT INTO `tau_events_groups` (`id`, `id_events`, `id_groups`) VALUES
(2, 1, 15),
(3, 2, 8);

-- --------------------------------------------------------

--
-- Tábla szerkezet ehhez a táblához `tau_forums`
--

CREATE TABLE IF NOT EXISTS `tau_forums` (
  `id` int(11) NOT NULL AUTO_INCREMENT,
  `title` varchar(255) NOT NULL,
  `creation` datetime NOT NULL,
  `is_deleted` tinyint(3) unsigned NOT NULL,
  PRIMARY KEY (`id`)
) ENGINE=MyISAM  DEFAULT CHARSET=utf8 AUTO_INCREMENT=7 ;

--
-- A tábla adatainak kiíratása `tau_forums`
--

INSERT INTO `tau_forums` (`id`, `title`, `creation`, `is_deleted`) VALUES
(5, 'Introduction au forum de la Taupe', '2015-12-01 11:30:57', 0),
(6, 'La Taupe vaincra !', '2015-12-01 13:52:51', 0);

-- --------------------------------------------------------

--
-- Tábla szerkezet ehhez a táblához `tau_forums_messages`
--

CREATE TABLE IF NOT EXISTS `tau_forums_messages` (
  `id` int(10) unsigned NOT NULL AUTO_INCREMENT,
  `id_forums` int(10) unsigned NOT NULL,
  `text` varchar(2000) NOT NULL,
  `id_users` int(10) unsigned NOT NULL,
  `creation` datetime NOT NULL,
  PRIMARY KEY (`id`)
) ENGINE=MyISAM  DEFAULT CHARSET=utf8 AUTO_INCREMENT=14 ;

--
-- A tábla adatainak kiíratása `tau_forums_messages`
--

INSERT INTO `tau_forums_messages` (`id`, `id_forums`, `text`, `id_users`, `creation`) VALUES
(6, 5, ' Salut tout le monde,\nVous êtes sur le forum de la meilleure des prépas !\nVous êtes libres de poster des sujets de conversation et de répondre aux sujets existants.\nIls peuvent être en relation à la Pougne, à la Glande, aux polos...\nCe forum repose sur l''entière confiance des utilisateurs !\nVous pouvez agrémenter vos posts de balises HTML pour les rendre plus vivants, mais ne faites pas n''importe quoi avec les balises (pour les connaisseurs). Sinon, nous poserons des restrictions...\nDe plus, n''oubliez pas de mettre en pratique les règles de vie classiques... C''est-à-dire, pas de jurons, pas d''insultes envers quelqu''un...\nNous comptons sur vous pour rendre ce forum vivant !\nBonne navigation,\nL''équipe CD WEB Taupine\nP.S.: Si vous avez des remarques, n''hésitez pas à nous les partager.', 2, '2015-12-01 11:30:57'),
(7, 6, ' ', 49, '2015-12-01 13:52:51'),
(8, 6, 'La War commence dans 12 jours, préparation physique demandée....\r\nChacun devra donner un peu d''argent pr aller acheter un gd sapin en plastique.\r\non le cachera chez Isabelle et on va les défoncer ;)', 49, '2015-12-01 13:55:58'),
(9, 6, '<script>\r\nalert(''BOUH'');\r\n</script>', 2, '2015-12-05 17:56:50'),
(10, 6, '<script>alert(''BOUH'');</script>		', 2, '2015-12-05 17:58:22'),
(11, 6, '<span style="color:red;">Salut !</span>', 2, '2015-12-05 17:59:33'),
(12, 6, '[color=red]Salut ![/color]', 2, '2015-12-05 18:00:31'),
(13, 6, 'salut\n[b]salut[/b]\n[i]salut[/i]\nhttp://www.google.fr/', 2, '2015-12-05 18:03:32');

-- --------------------------------------------------------

--
-- Tábla szerkezet ehhez a táblához `tau_godfathers`
--

CREATE TABLE IF NOT EXISTS `tau_godfathers` (
  `id` int(11) NOT NULL AUTO_INCREMENT,
  `id_godfathers` int(11) NOT NULL,
  `id_users` int(11) NOT NULL,
  PRIMARY KEY (`id`)
) ENGINE=InnoDB DEFAULT CHARSET=latin1 AUTO_INCREMENT=1 ;

-- --------------------------------------------------------

--
-- Tábla szerkezet ehhez a táblához `tau_groups`
--

CREATE TABLE IF NOT EXISTS `tau_groups` (
  `id` int(11) NOT NULL AUTO_INCREMENT,
  `name` varchar(255) NOT NULL,
  `is_deleted` tinyint(4) NOT NULL,
  PRIMARY KEY (`id`)
) ENGINE=MyISAM  DEFAULT CHARSET=utf8 AUTO_INCREMENT=20 ;

--
-- A tábla adatainak kiíratása `tau_groups`
--

INSERT INTO `tau_groups` (`id`, `name`, `is_deleted`) VALUES
(1, 'MPSI2', 0),
(2, 'Allemand LV2', 0),
(3, 'DSD II', 0),
(4, 'TD Groupe A', 0),
(5, 'TD Groupe B', 0),
(6, 'Option Informatique Groupe A', 0),
(7, 'Option Informatique Groupe B', 0),
(8, 'Info Groupe 1', 0),
(9, 'Info Groupe 2', 0),
(10, 'Info Groupe 3', 0),
(11, 'Anglais LV1 Groupe 1', 0),
(12, 'Anglais LV1 Groupe 2', 0),
(13, 'Physique TD Groupe 1', 0),
(14, 'Physique TD Groupe 2', 0),
(15, 'Allemand LV1', 0),
(16, 'SI Groupe 1', 0),
(17, 'SI Groupe 2', 0);

-- --------------------------------------------------------

--
-- Tábla szerkezet ehhez a táblához `tau_groups_users`
--

CREATE TABLE IF NOT EXISTS `tau_groups_users` (
  `id` int(11) NOT NULL AUTO_INCREMENT,
  `id_groups` int(11) NOT NULL,
  `id_users` int(11) NOT NULL,
  PRIMARY KEY (`id`)
) ENGINE=MyISAM  DEFAULT CHARSET=utf8 AUTO_INCREMENT=318 ;

--
-- A tábla adatainak kiíratása `tau_groups_users`
--

INSERT INTO `tau_groups_users` (`id`, `id_groups`, `id_users`) VALUES
(13, 1, 3),
(150, 15, 24),
(11, 1, 2),
(315, 11, 3),
(15, 1, 4),
(267, 12, 39),
(73, 10, 5),
(18, 1, 5),
(72, 15, 5),
(25, 4, 3),
(317, 6, 3),
(28, 8, 3),
(316, 13, 3),
(31, 6, 2),
(32, 8, 2),
(33, 4, 2),
(34, 11, 2),
(35, 7, 4),
(36, 12, 4),
(265, 9, 4),
(38, 5, 4),
(266, 14, 4),
(41, 11, 7),
(42, 8, 7),
(43, 1, 7),
(44, 13, 7),
(45, 16, 7),
(46, 4, 7),
(47, 11, 8),
(48, 8, 8),
(49, 1, 8),
(50, 6, 8),
(51, 13, 8),
(52, 4, 8),
(53, 15, 9),
(71, 10, 9),
(55, 1, 9),
(56, 6, 9),
(57, 13, 9),
(58, 4, 9),
(59, 11, 10),
(60, 8, 10),
(61, 1, 10),
(62, 13, 10),
(63, 16, 10),
(64, 4, 10),
(65, 11, 11),
(66, 8, 11),
(67, 1, 11),
(68, 6, 11),
(69, 13, 11),
(70, 4, 11),
(74, 6, 5),
(75, 13, 5),
(76, 4, 5),
(77, 11, 13),
(78, 8, 13),
(79, 1, 13),
(80, 13, 13),
(81, 16, 13),
(82, 4, 13),
(83, 11, 14),
(84, 8, 14),
(85, 1, 14),
(86, 13, 14),
(87, 16, 14),
(88, 4, 14),
(89, 11, 15),
(90, 8, 15),
(91, 1, 15),
(92, 13, 15),
(93, 16, 15),
(94, 4, 15),
(95, 15, 16),
(96, 10, 16),
(97, 1, 16),
(98, 13, 16),
(99, 16, 16),
(100, 4, 16),
(101, 15, 17),
(102, 10, 17),
(103, 1, 17),
(104, 16, 17),
(105, 13, 17),
(106, 4, 17),
(107, 11, 18),
(108, 8, 18),
(109, 1, 18),
(110, 13, 18),
(111, 16, 18),
(112, 4, 18),
(113, 15, 20),
(114, 10, 20),
(115, 1, 20),
(116, 13, 20),
(117, 16, 20),
(118, 4, 20),
(119, 11, 19),
(120, 8, 19),
(121, 1, 19),
(122, 13, 19),
(123, 16, 19),
(124, 4, 19),
(125, 11, 21),
(126, 8, 21),
(127, 1, 21),
(128, 13, 21),
(129, 16, 21),
(130, 4, 21),
(131, 15, 22),
(132, 10, 22),
(133, 1, 22),
(134, 13, 22),
(135, 16, 22),
(136, 4, 22),
(137, 11, 48),
(138, 8, 48),
(139, 1, 48),
(140, 6, 48),
(141, 13, 48),
(142, 4, 48),
(143, 15, 23),
(144, 10, 23),
(145, 1, 23),
(146, 13, 23),
(147, 16, 23),
(148, 4, 23),
(149, 13, 2),
(151, 10, 24),
(152, 1, 24),
(153, 13, 24),
(154, 4, 24),
(155, 16, 24),
(156, 11, 25),
(157, 8, 25),
(158, 1, 25),
(159, 13, 25),
(160, 16, 25),
(161, 4, 25),
(162, 11, 26),
(163, 8, 26),
(164, 1, 26),
(165, 13, 26),
(166, 16, 26),
(167, 4, 26),
(168, 15, 6),
(169, 10, 6),
(170, 1, 6),
(171, 14, 6),
(172, 17, 6),
(173, 5, 6),
(174, 12, 27),
(175, 8, 27),
(176, 1, 27),
(178, 14, 27),
(179, 17, 27),
(180, 5, 27),
(181, 12, 28),
(182, 9, 28),
(183, 1, 28),
(184, 14, 28),
(185, 17, 28),
(186, 5, 28),
(187, 12, 29),
(188, 9, 29),
(189, 1, 29),
(190, 14, 29),
(191, 17, 29),
(192, 5, 29),
(193, 12, 47),
(194, 9, 47),
(195, 1, 47),
(196, 14, 47),
(197, 17, 47),
(198, 5, 47),
(199, 12, 30),
(200, 9, 30),
(201, 1, 30),
(202, 14, 30),
(203, 17, 30),
(204, 5, 30),
(205, 15, 49),
(206, 10, 49),
(207, 1, 49),
(208, 14, 49),
(209, 17, 49),
(210, 5, 49),
(211, 12, 31),
(212, 9, 31),
(213, 1, 31),
(214, 14, 31),
(215, 17, 31),
(216, 5, 31),
(217, 12, 32),
(218, 9, 32),
(219, 1, 32),
(220, 14, 32),
(221, 17, 32),
(222, 5, 32),
(223, 12, 33),
(224, 9, 33),
(225, 1, 33),
(226, 14, 33),
(227, 17, 33),
(228, 5, 33),
(229, 12, 34),
(230, 9, 34),
(231, 1, 34),
(232, 14, 34),
(233, 17, 34),
(234, 5, 34),
(235, 12, 46),
(236, 9, 46),
(237, 1, 46),
(238, 14, 46),
(239, 17, 46),
(240, 5, 46),
(241, 15, 35),
(242, 10, 35),
(243, 1, 35),
(244, 14, 35),
(245, 17, 35),
(246, 5, 35),
(247, 12, 36),
(248, 9, 36),
(249, 1, 36),
(250, 7, 36),
(251, 14, 36),
(252, 5, 36),
(253, 12, 37),
(254, 9, 37),
(255, 1, 37),
(256, 7, 37),
(257, 14, 37),
(258, 5, 37),
(259, 12, 38),
(260, 9, 38),
(261, 1, 38),
(262, 7, 38),
(263, 14, 38),
(264, 5, 38),
(268, 9, 39),
(269, 1, 39),
(270, 14, 39),
(271, 17, 39),
(272, 5, 39),
(273, 12, 40),
(274, 9, 40),
(275, 1, 40),
(276, 7, 40),
(277, 14, 40),
(278, 5, 40),
(279, 12, 41),
(280, 10, 41),
(281, 1, 41),
(282, 14, 41),
(283, 17, 41),
(284, 5, 41),
(285, 12, 42),
(286, 10, 42),
(287, 1, 42),
(288, 14, 42),
(289, 17, 42),
(290, 5, 42),
(291, 12, 43),
(292, 10, 43),
(293, 1, 43),
(294, 14, 43),
(295, 17, 43),
(296, 5, 43),
(297, 12, 44),
(298, 10, 44),
(299, 1, 44),
(300, 14, 44),
(301, 17, 44),
(302, 5, 44),
(303, 12, 45),
(304, 10, 45),
(305, 1, 45),
(306, 14, 45),
(307, 17, 45),
(308, 5, 45);

-- --------------------------------------------------------

--
-- Tábla szerkezet ehhez a táblához `tau_iprecord`
--

CREATE TABLE IF NOT EXISTS `tau_iprecord` (
  `id` int(10) unsigned NOT NULL AUTO_INCREMENT,
  `ip` varchar(50) NOT NULL,
  `user` int(11) NOT NULL,
  `date` datetime NOT NULL,
  `pages` int(11) NOT NULL,
  PRIMARY KEY (`id`)
) ENGINE=InnoDB  DEFAULT CHARSET=utf8 AUTO_INCREMENT=26 ;

--
-- A tábla adatainak kiíratása `tau_iprecord`
--

INSERT INTO `tau_iprecord` (`id`, `ip`, `user`, `date`, `pages`) VALUES
(1, '::1', 2, '2016-01-03 19:23:52', 6),
(2, '::1', 2, '2016-06-23 15:18:40', 10),
(3, 'fe80::7945:bd85:70c7:21c4', 0, '2016-06-23 16:20:28', 4),
(4, 'fe80::1c79:1d8a:2350:fc85', 2, '2016-06-23 16:28:43', 15),
(5, '::1', 2, '2016-06-23 17:57:30', 44),
(6, 'fe80::7945:bd85:70c7:21c4', 3, '2016-06-23 17:51:20', 37),
(7, '::1', 0, '2016-06-23 18:55:23', 8),
(8, 'fe80::7945:bd85:70c7:21c4', 0, '2016-06-23 19:49:01', 63),
(9, 'fe80::7945:bd85:70c7:21c4', 3, '2016-06-25 18:59:54', 37),
(10, 'fe80::7945:bd85:70c7:21c4', 0, '2016-06-25 20:41:14', 17),
(11, 'fe80::7945:bd85:70c7:21c4', 3, '2016-06-26 02:05:28', 231),
(12, 'fe80::7945:bd85:70c7:21c4', 3, '2016-06-26 15:37:40', 21),
(13, '::1', 2, '2016-06-26 17:17:52', 6),
(14, 'fe80::7945:bd85:70c7:21c4', 3, '2016-06-26 18:55:18', 32),
(15, '::1', 3, '2016-06-27 18:32:23', 22),
(16, '::1', 3, '2016-07-14 17:55:44', 6),
(17, '::1', 0, '2016-07-14 18:57:23', 2),
(18, '::1', 0, '2016-07-15 08:10:58', 3),
(19, '::1', 3, '2016-07-22 20:04:34', 31),
(20, '::1', 3, '2016-07-25 14:40:19', 21),
(21, '::1', 0, '2016-07-25 15:49:52', 18),
(22, '::1', 0, '2016-07-27 10:12:57', 1),
(23, '::1', 3, '2016-07-27 16:58:06', 29),
(24, '::1', 0, '2016-07-27 18:35:13', 18),
(25, '::1', 0, '2016-07-28 17:21:59', 1);

-- --------------------------------------------------------

--
-- Tábla szerkezet ehhez a táblához `tau_kholles`
--

CREATE TABLE IF NOT EXISTS `tau_kholles` (
  `id` int(10) unsigned NOT NULL AUTO_INCREMENT,
  `time_start` datetime NOT NULL,
  `time` datetime NOT NULL,
  `time_end` datetime NOT NULL,
  `id_subjects` int(11) NOT NULL,
  `id_users` int(11) NOT NULL,
  `id_teachers` int(11) NOT NULL,
  PRIMARY KEY (`id`)
) ENGINE=InnoDB  DEFAULT CHARSET=latin1 AUTO_INCREMENT=916 ;

--
-- A tábla adatainak kiíratása `tau_kholles`
--

INSERT INTO `tau_kholles` (`id`, `time_start`, `time`, `time_end`, `id_subjects`, `id_users`, `id_teachers`) VALUES
(388, '2016-07-29 18:00:00', '2016-07-29 18:00:00', '2016-07-29 19:00:00', 3, 5, 7),
(389, '2016-07-29 18:00:00', '2016-07-29 18:00:00', '2016-07-29 19:00:00', 3, 6, 7),
(390, '2016-07-29 18:00:00', '2016-07-29 18:00:00', '2016-07-29 19:00:00', 3, 9, 7),
(391, '2016-07-29 19:00:00', '2016-07-29 19:00:00', '2016-07-29 20:00:00', 3, 35, 7),
(392, '2016-07-29 19:00:00', '2016-07-29 19:00:00', '2016-07-29 20:00:00', 3, 49, 7),
(393, '2016-07-29 19:00:00', '2016-07-29 19:00:00', '2016-07-29 20:00:00', 3, 4, 7),
(394, '2016-07-27 16:00:00', '2016-07-27 16:00:00', '2016-07-27 17:00:00', 3, 28, 16),
(395, '2016-07-27 16:00:00', '2016-07-27 16:00:00', '2016-07-27 17:00:00', 3, 29, 16),
(396, '2016-07-27 16:00:00', '2016-07-27 16:00:00', '2016-07-27 17:00:00', 3, 30, 16),
(397, '2016-07-27 17:00:00', '2016-07-27 17:00:00', '2016-07-27 18:00:00', 3, 31, 16),
(398, '2016-07-27 17:00:00', '2016-07-27 17:00:00', '2016-07-27 18:00:00', 3, 32, 16),
(399, '2016-07-27 17:00:00', '2016-07-27 17:00:00', '2016-07-27 18:00:00', 3, 33, 16),
(400, '2016-07-29 18:00:00', '2016-07-29 18:00:00', '2016-07-29 19:00:00', 3, 34, 1),
(401, '2016-07-29 18:00:00', '2016-07-29 18:00:00', '2016-07-29 19:00:00', 3, 36, 1),
(402, '2016-07-29 18:00:00', '2016-07-29 18:00:00', '2016-07-29 19:00:00', 3, 37, 1),
(403, '2016-07-29 19:00:00', '2016-07-29 19:00:00', '2016-07-29 20:00:00', 3, 38, 1),
(404, '2016-07-29 19:00:00', '2016-07-29 19:00:00', '2016-07-29 20:00:00', 3, 39, 1),
(405, '2016-07-29 19:00:00', '2016-07-29 19:00:00', '2016-07-29 20:00:00', 3, 40, 1),
(406, '2016-07-26 16:00:00', '2016-07-26 16:00:00', '2016-07-26 17:00:00', 3, 41, 14),
(407, '2016-07-26 16:00:00', '2016-07-26 16:00:00', '2016-07-26 17:00:00', 3, 42, 14),
(408, '2016-07-26 16:00:00', '2016-07-26 16:00:00', '2016-07-26 17:00:00', 3, 43, 14),
(409, '2016-07-26 17:00:00', '2016-07-26 17:00:00', '2016-07-26 18:00:00', 3, 44, 14),
(410, '2016-07-26 17:00:00', '2016-07-26 17:00:00', '2016-07-26 18:00:00', 3, 45, 14),
(411, '2016-07-26 17:00:00', '2016-07-26 17:00:00', '2016-07-26 18:00:00', 3, 46, 14),
(412, '2016-07-25 17:00:00', '2016-07-25 17:00:00', '2016-07-25 18:00:00', 3, 47, 18),
(413, '2016-07-25 16:00:00', '2016-07-25 16:00:00', '2016-07-25 17:00:00', 3, 2, 18),
(414, '2016-07-25 16:00:00', '2016-07-25 16:00:00', '2016-07-25 17:00:00', 3, 3, 18),
(415, '2016-07-25 16:00:00', '2016-07-25 16:00:00', '2016-07-25 17:00:00', 3, 8, 18),
(416, '2016-07-25 17:00:00', '2016-07-25 17:00:00', '2016-07-25 18:00:00', 3, 11, 18),
(417, '2016-07-25 17:00:00', '2016-07-25 17:00:00', '2016-07-25 18:00:00', 3, 27, 18),
(418, '2016-07-29 17:00:00', '2016-07-29 17:00:00', '2016-07-29 18:00:00', 3, 48, 17),
(419, '2016-07-26 18:00:00', '2016-07-26 18:00:00', '2016-07-26 19:00:00', 3, 7, 15),
(420, '2016-07-26 18:00:00', '2016-07-26 18:00:00', '2016-07-26 19:00:00', 3, 10, 15),
(421, '2016-07-26 18:00:00', '2016-07-26 18:00:00', '2016-07-26 19:00:00', 3, 12, 15),
(422, '2016-07-26 19:00:00', '2016-07-26 19:00:00', '2016-07-26 20:00:00', 3, 13, 15),
(423, '2016-07-26 19:00:00', '2016-07-26 19:00:00', '2016-07-26 20:00:00', 3, 14, 15),
(424, '2016-07-26 19:00:00', '2016-07-26 19:00:00', '2016-07-26 20:00:00', 3, 15, 15),
(425, '2016-07-29 17:00:00', '2016-07-29 17:00:00', '2016-07-29 18:00:00', 3, 16, 17),
(426, '2016-07-29 17:00:00', '2016-07-29 17:00:00', '2016-07-29 18:00:00', 3, 17, 17),
(427, '2016-07-29 18:00:00', '2016-07-29 18:00:00', '2016-07-29 19:00:00', 3, 18, 17),
(428, '2016-07-29 18:00:00', '2016-07-29 18:00:00', '2016-07-29 19:00:00', 3, 19, 17),
(429, '2016-07-29 18:00:00', '2016-07-29 18:00:00', '2016-07-29 19:00:00', 3, 20, 17),
(430, '2016-07-29 17:00:00', '2016-07-29 17:00:00', '2016-07-29 18:00:00', 3, 21, 13),
(431, '2016-07-29 17:00:00', '2016-07-29 17:00:00', '2016-07-29 18:00:00', 3, 22, 13),
(432, '2016-07-29 17:00:00', '2016-07-29 17:00:00', '2016-07-29 18:00:00', 3, 23, 13),
(433, '2016-07-29 18:00:00', '2016-07-29 18:00:00', '2016-07-29 19:00:00', 3, 24, 13),
(434, '2016-07-29 18:00:00', '2016-07-29 18:00:00', '2016-07-29 19:00:00', 3, 25, 13),
(435, '2016-07-29 18:00:00', '2016-07-29 18:00:00', '2016-07-29 19:00:00', 3, 26, 13),
(436, '2016-08-03 16:00:00', '2016-08-03 16:00:00', '2016-08-03 17:00:00', 3, 5, 16),
(437, '2016-08-03 16:00:00', '2016-08-03 16:00:00', '2016-08-03 17:00:00', 3, 6, 16),
(438, '2016-08-03 16:00:00', '2016-08-03 16:00:00', '2016-08-03 17:00:00', 3, 9, 16),
(439, '2016-08-03 17:00:00', '2016-08-03 17:00:00', '2016-08-03 18:00:00', 3, 35, 16),
(440, '2016-08-03 17:00:00', '2016-08-03 17:00:00', '2016-08-03 18:00:00', 3, 49, 16),
(441, '2016-08-03 17:00:00', '2016-08-03 17:00:00', '2016-08-03 18:00:00', 3, 4, 16),
(442, '2016-08-05 18:00:00', '2016-08-05 18:00:00', '2016-08-05 19:00:00', 3, 28, 7),
(443, '2016-08-05 18:00:00', '2016-08-05 18:00:00', '2016-08-05 19:00:00', 3, 29, 7),
(444, '2016-08-05 18:00:00', '2016-08-05 18:00:00', '2016-08-05 19:00:00', 3, 30, 7),
(445, '2016-08-05 19:00:00', '2016-08-05 19:00:00', '2016-08-05 20:00:00', 3, 31, 7),
(446, '2016-08-05 19:00:00', '2016-08-05 19:00:00', '2016-08-05 20:00:00', 3, 32, 7),
(447, '2016-08-05 19:00:00', '2016-08-05 19:00:00', '2016-08-05 20:00:00', 3, 33, 7),
(448, '2016-08-02 16:00:00', '2016-08-02 16:00:00', '2016-08-02 17:00:00', 3, 34, 14),
(449, '2016-08-02 16:00:00', '2016-08-02 16:00:00', '2016-08-02 17:00:00', 3, 36, 14),
(450, '2016-08-02 16:00:00', '2016-08-02 16:00:00', '2016-08-02 17:00:00', 3, 37, 14),
(451, '2016-08-02 17:00:00', '2016-08-02 17:00:00', '2016-08-02 18:00:00', 3, 38, 14),
(452, '2016-08-02 17:00:00', '2016-08-02 17:00:00', '2016-08-02 18:00:00', 3, 39, 14),
(453, '2016-08-02 17:00:00', '2016-08-02 17:00:00', '2016-08-02 18:00:00', 3, 40, 14),
(454, '2016-08-05 18:00:00', '2016-08-05 18:00:00', '2016-08-05 19:00:00', 3, 41, 1),
(455, '2016-08-05 18:00:00', '2016-08-05 18:00:00', '2016-08-05 19:00:00', 3, 42, 1),
(456, '2016-08-05 18:00:00', '2016-08-05 18:00:00', '2016-08-05 19:00:00', 3, 43, 1),
(457, '2016-08-05 19:00:00', '2016-08-05 19:00:00', '2016-08-05 20:00:00', 3, 44, 1),
(458, '2016-08-05 19:00:00', '2016-08-05 19:00:00', '2016-08-05 20:00:00', 3, 45, 1),
(459, '2016-08-05 19:00:00', '2016-08-05 19:00:00', '2016-08-05 20:00:00', 3, 46, 1),
(460, '2016-08-05 17:00:00', '2016-08-05 17:00:00', '2016-08-05 18:00:00', 3, 47, 17),
(461, '2016-08-05 17:00:00', '2016-08-05 17:00:00', '2016-08-05 18:00:00', 3, 2, 17),
(462, '2016-08-05 17:00:00', '2016-08-05 17:00:00', '2016-08-05 18:00:00', 3, 3, 17),
(463, '2016-08-05 18:00:00', '2016-08-05 18:00:00', '2016-08-05 19:00:00', 3, 8, 17),
(464, '2016-08-05 18:00:00', '2016-08-05 18:00:00', '2016-08-05 19:00:00', 3, 11, 17),
(465, '2016-08-02 18:00:00', '2016-08-02 18:00:00', '2016-08-02 19:00:00', 3, 16, 15),
(466, '2016-08-02 18:00:00', '2016-08-02 18:00:00', '2016-08-02 19:00:00', 3, 17, 15),
(467, '2016-08-02 18:00:00', '2016-08-02 18:00:00', '2016-08-02 19:00:00', 3, 20, 15),
(468, '2016-08-02 19:00:00', '2016-08-02 19:00:00', '2016-08-02 20:00:00', 3, 22, 15),
(469, '2016-08-02 19:00:00', '2016-08-02 19:00:00', '2016-08-02 20:00:00', 3, 23, 15),
(470, '2016-08-02 19:00:00', '2016-08-02 19:00:00', '2016-08-02 20:00:00', 3, 24, 15),
(471, '2016-08-01 16:00:00', '2016-08-01 16:00:00', '2016-08-01 17:00:00', 3, 7, 18),
(472, '2016-08-01 16:00:00', '2016-08-01 16:00:00', '2016-08-01 17:00:00', 3, 10, 18),
(473, '2016-08-01 16:00:00', '2016-08-01 16:00:00', '2016-08-01 17:00:00', 3, 12, 18),
(474, '2016-08-01 17:00:00', '2016-08-01 17:00:00', '2016-08-01 18:00:00', 3, 13, 18),
(475, '2016-08-01 17:00:00', '2016-08-01 17:00:00', '2016-08-01 18:00:00', 3, 14, 18),
(476, '2016-08-01 17:00:00', '2016-08-01 17:00:00', '2016-08-01 18:00:00', 3, 15, 18),
(477, '2016-08-05 17:00:00', '2016-08-05 17:00:00', '2016-08-05 18:00:00', 3, 18, 13),
(478, '2016-08-05 17:00:00', '2016-08-05 17:00:00', '2016-08-05 18:00:00', 3, 19, 13),
(479, '2016-08-05 18:00:00', '2016-08-05 18:00:00', '2016-08-05 19:00:00', 3, 21, 17),
(480, '2016-08-05 17:00:00', '2016-08-05 17:00:00', '2016-08-05 18:00:00', 3, 25, 13),
(481, '2016-08-05 18:00:00', '2016-08-05 18:00:00', '2016-08-05 19:00:00', 3, 26, 13),
(482, '2016-08-05 18:00:00', '2016-08-05 18:00:00', '2016-08-05 19:00:00', 3, 27, 13),
(483, '2016-08-05 18:00:00', '2016-08-05 18:00:00', '2016-08-05 19:00:00', 3, 48, 13),
(484, '2016-08-12 18:00:00', '2016-08-12 18:00:00', '2016-08-12 19:00:00', 3, 5, 1),
(485, '2016-08-12 18:00:00', '2016-08-12 18:00:00', '2016-08-12 19:00:00', 3, 6, 1),
(486, '2016-08-12 18:00:00', '2016-08-12 18:00:00', '2016-08-12 19:00:00', 3, 9, 1),
(487, '2016-08-12 19:00:00', '2016-08-12 19:00:00', '2016-08-12 20:00:00', 3, 35, 1),
(488, '2016-08-12 19:00:00', '2016-08-12 19:00:00', '2016-08-12 20:00:00', 3, 49, 1),
(489, '2016-08-12 19:00:00', '2016-08-12 19:00:00', '2016-08-12 20:00:00', 3, 4, 1),
(490, '2016-08-09 16:00:00', '2016-08-09 16:00:00', '2016-08-09 17:00:00', 3, 28, 14),
(491, '2016-08-09 16:00:00', '2016-08-09 16:00:00', '2016-08-09 17:00:00', 3, 29, 14),
(492, '2016-08-09 16:00:00', '2016-08-09 16:00:00', '2016-08-09 17:00:00', 3, 30, 14),
(493, '2016-08-09 17:00:00', '2016-08-09 17:00:00', '2016-08-09 18:00:00', 3, 31, 14),
(494, '2016-08-09 17:00:00', '2016-08-09 17:00:00', '2016-08-09 18:00:00', 3, 32, 14),
(495, '2016-08-09 17:00:00', '2016-08-09 17:00:00', '2016-08-09 18:00:00', 3, 33, 14),
(496, '2016-08-12 18:00:00', '2016-08-12 18:00:00', '2016-08-12 19:00:00', 3, 34, 7),
(497, '2016-08-12 18:00:00', '2016-08-12 18:00:00', '2016-08-12 19:00:00', 3, 36, 7),
(498, '2016-08-12 18:00:00', '2016-08-12 18:00:00', '2016-08-12 19:00:00', 3, 37, 7),
(499, '2016-08-12 19:00:00', '2016-08-12 19:00:00', '2016-08-12 20:00:00', 3, 38, 7),
(500, '2016-08-12 19:00:00', '2016-08-12 19:00:00', '2016-08-12 20:00:00', 3, 39, 7),
(501, '2016-08-12 19:00:00', '2016-08-12 19:00:00', '2016-08-12 20:00:00', 3, 40, 7),
(502, '2016-08-10 16:00:00', '2016-08-10 16:00:00', '2016-08-10 17:00:00', 3, 41, 16),
(503, '2016-08-10 16:00:00', '2016-08-10 16:00:00', '2016-08-10 17:00:00', 3, 42, 16),
(504, '2016-08-10 16:00:00', '2016-08-10 16:00:00', '2016-08-10 17:00:00', 3, 43, 16),
(505, '2016-08-10 17:00:00', '2016-08-10 17:00:00', '2016-08-10 18:00:00', 3, 44, 16),
(506, '2016-08-10 17:00:00', '2016-08-10 17:00:00', '2016-08-10 18:00:00', 3, 45, 16),
(507, '2016-08-10 17:00:00', '2016-08-10 17:00:00', '2016-08-10 18:00:00', 3, 46, 16),
(508, '2016-08-12 17:00:00', '2016-08-12 17:00:00', '2016-08-12 18:00:00', 3, 47, 13),
(509, '2016-08-12 17:00:00', '2016-08-12 17:00:00', '2016-08-12 18:00:00', 3, 2, 13),
(510, '2016-08-12 17:00:00', '2016-08-12 17:00:00', '2016-08-12 18:00:00', 3, 3, 13),
(511, '2016-08-12 18:00:00', '2016-08-12 18:00:00', '2016-08-12 19:00:00', 3, 8, 13),
(512, '2016-08-12 18:00:00', '2016-08-12 18:00:00', '2016-08-12 19:00:00', 3, 11, 13),
(513, '2016-08-12 18:00:00', '2016-08-12 18:00:00', '2016-08-12 19:00:00', 3, 16, 13),
(514, '2016-08-09 18:00:00', '2016-08-09 18:00:00', '2016-08-09 19:00:00', 3, 17, 15),
(515, '2016-08-09 18:00:00', '2016-08-09 18:00:00', '2016-08-09 19:00:00', 3, 20, 15),
(516, '2016-08-12 17:00:00', '2016-08-12 17:00:00', '2016-08-12 18:00:00', 3, 22, 17),
(517, '2016-08-12 17:00:00', '2016-08-12 17:00:00', '2016-08-12 18:00:00', 3, 23, 17),
(518, '2016-08-12 17:00:00', '2016-08-12 17:00:00', '2016-08-12 18:00:00', 3, 24, 17),
(519, '2016-08-12 18:00:00', '2016-08-12 18:00:00', '2016-08-12 19:00:00', 3, 27, 17),
(520, '2016-08-08 16:00:00', '2016-08-08 16:00:00', '2016-08-08 17:00:00', 3, 48, 18),
(521, '2016-08-12 18:00:00', '2016-08-12 18:00:00', '2016-08-12 19:00:00', 3, 7, 17),
(522, '2016-08-12 18:00:00', '2016-08-12 18:00:00', '2016-08-12 19:00:00', 3, 10, 17),
(523, '2016-08-09 18:00:00', '2016-08-09 18:00:00', '2016-08-09 19:00:00', 3, 12, 15),
(524, '2016-08-08 16:00:00', '2016-08-08 16:00:00', '2016-08-08 17:00:00', 3, 13, 18),
(525, '2016-08-08 16:00:00', '2016-08-08 16:00:00', '2016-08-08 17:00:00', 3, 14, 18),
(526, '2016-08-08 17:00:00', '2016-08-08 17:00:00', '2016-08-08 18:00:00', 3, 15, 18),
(527, '2016-08-09 19:00:00', '2016-08-09 19:00:00', '2016-08-09 20:00:00', 3, 18, 15),
(528, '2016-08-09 19:00:00', '2016-08-09 19:00:00', '2016-08-09 20:00:00', 3, 19, 15),
(529, '2016-08-09 19:00:00', '2016-08-09 19:00:00', '2016-08-09 20:00:00', 3, 21, 15),
(530, '2016-08-08 17:00:00', '2016-08-08 17:00:00', '2016-08-08 18:00:00', 3, 25, 18),
(531, '2016-08-08 17:00:00', '2016-08-08 17:00:00', '2016-08-08 18:00:00', 3, 26, 18),
(532, '2016-08-16 16:00:00', '2016-08-16 16:00:00', '2016-08-16 17:00:00', 3, 5, 14),
(533, '2016-08-16 16:00:00', '2016-08-16 16:00:00', '2016-08-16 17:00:00', 3, 6, 14),
(534, '2016-08-16 16:00:00', '2016-08-16 16:00:00', '2016-08-16 17:00:00', 3, 9, 14),
(535, '2016-08-16 17:00:00', '2016-08-16 17:00:00', '2016-08-16 18:00:00', 3, 35, 14),
(536, '2016-08-16 17:00:00', '2016-08-16 17:00:00', '2016-08-16 18:00:00', 3, 49, 14),
(537, '2016-08-16 17:00:00', '2016-08-16 17:00:00', '2016-08-16 18:00:00', 3, 4, 14),
(538, '2016-08-19 18:00:00', '2016-08-19 18:00:00', '2016-08-19 19:00:00', 3, 28, 1),
(539, '2016-08-19 18:00:00', '2016-08-19 18:00:00', '2016-08-19 19:00:00', 3, 29, 1),
(540, '2016-08-19 18:00:00', '2016-08-19 18:00:00', '2016-08-19 19:00:00', 3, 30, 1),
(541, '2016-08-19 19:00:00', '2016-08-19 19:00:00', '2016-08-19 20:00:00', 3, 31, 1),
(542, '2016-08-19 19:00:00', '2016-08-19 19:00:00', '2016-08-19 20:00:00', 3, 32, 1),
(543, '2016-08-19 19:00:00', '2016-08-19 19:00:00', '2016-08-19 20:00:00', 3, 33, 1),
(544, '2016-08-17 16:00:00', '2016-08-17 16:00:00', '2016-08-17 17:00:00', 3, 34, 16),
(545, '2016-08-17 16:00:00', '2016-08-17 16:00:00', '2016-08-17 17:00:00', 3, 36, 16),
(546, '2016-08-17 16:00:00', '2016-08-17 16:00:00', '2016-08-17 17:00:00', 3, 37, 16),
(547, '2016-08-17 17:00:00', '2016-08-17 17:00:00', '2016-08-17 18:00:00', 3, 38, 16),
(548, '2016-08-17 17:00:00', '2016-08-17 17:00:00', '2016-08-17 18:00:00', 3, 39, 16),
(549, '2016-08-17 17:00:00', '2016-08-17 17:00:00', '2016-08-17 18:00:00', 3, 40, 16),
(550, '2016-08-19 18:00:00', '2016-08-19 18:00:00', '2016-08-19 19:00:00', 3, 41, 7),
(551, '2016-08-19 18:00:00', '2016-08-19 18:00:00', '2016-08-19 19:00:00', 3, 42, 7),
(552, '2016-08-19 18:00:00', '2016-08-19 18:00:00', '2016-08-19 19:00:00', 3, 43, 7),
(553, '2016-08-19 19:00:00', '2016-08-19 19:00:00', '2016-08-19 20:00:00', 3, 44, 7),
(554, '2016-08-19 19:00:00', '2016-08-19 19:00:00', '2016-08-19 20:00:00', 3, 45, 7),
(555, '2016-08-19 19:00:00', '2016-08-19 19:00:00', '2016-08-19 20:00:00', 3, 46, 7),
(556, '2016-08-15 17:00:00', '2016-08-15 17:00:00', '2016-08-15 18:00:00', 3, 47, 18),
(557, '2016-08-15 16:00:00', '2016-08-15 16:00:00', '2016-08-15 17:00:00', 3, 2, 18),
(558, '2016-08-15 16:00:00', '2016-08-15 16:00:00', '2016-08-15 17:00:00', 3, 3, 18),
(559, '2016-08-15 16:00:00', '2016-08-15 16:00:00', '2016-08-15 17:00:00', 3, 8, 18),
(560, '2016-08-15 17:00:00', '2016-08-15 17:00:00', '2016-08-15 18:00:00', 3, 11, 18),
(561, '2016-08-15 17:00:00', '2016-08-15 17:00:00', '2016-08-15 18:00:00', 3, 27, 18),
(562, '2016-08-19 17:00:00', '2016-08-19 17:00:00', '2016-08-19 18:00:00', 3, 48, 17),
(563, '2016-08-19 17:00:00', '2016-08-19 17:00:00', '2016-08-19 18:00:00', 3, 7, 13),
(564, '2016-08-19 17:00:00', '2016-08-19 17:00:00', '2016-08-19 18:00:00', 3, 10, 13),
(565, '2016-08-19 17:00:00', '2016-08-19 17:00:00', '2016-08-19 18:00:00', 3, 12, 17),
(566, '2016-08-19 17:00:00', '2016-08-19 17:00:00', '2016-08-19 18:00:00', 3, 13, 17),
(567, '2016-08-19 18:00:00', '2016-08-19 18:00:00', '2016-08-19 19:00:00', 3, 14, 17),
(568, '2016-08-19 18:00:00', '2016-08-19 18:00:00', '2016-08-19 19:00:00', 3, 15, 17),
(569, '2016-08-16 18:00:00', '2016-08-16 18:00:00', '2016-08-16 19:00:00', 3, 16, 15),
(570, '2016-08-19 17:00:00', '2016-08-19 17:00:00', '2016-08-19 18:00:00', 3, 17, 13),
(571, '2016-08-16 18:00:00', '2016-08-16 18:00:00', '2016-08-16 19:00:00', 3, 18, 15),
(572, '2016-08-16 18:00:00', '2016-08-16 18:00:00', '2016-08-16 19:00:00', 3, 19, 15),
(573, '2016-08-19 18:00:00', '2016-08-19 18:00:00', '2016-08-19 19:00:00', 3, 20, 13),
(574, '2016-08-16 19:00:00', '2016-08-16 19:00:00', '2016-08-16 20:00:00', 3, 21, 15),
(575, '2016-08-16 19:00:00', '2016-08-16 19:00:00', '2016-08-16 20:00:00', 3, 22, 15),
(576, '2016-08-16 19:00:00', '2016-08-16 19:00:00', '2016-08-16 20:00:00', 3, 23, 15),
(577, '2016-08-19 18:00:00', '2016-08-19 18:00:00', '2016-08-19 19:00:00', 3, 24, 17),
(578, '2016-08-19 18:00:00', '2016-08-19 18:00:00', '2016-08-19 19:00:00', 3, 25, 13),
(579, '2016-08-19 18:00:00', '2016-08-19 18:00:00', '2016-08-19 19:00:00', 3, 26, 13),
(580, '2016-08-26 17:00:00', '2016-08-26 17:00:00', '2016-08-26 18:00:00', 3, 5, 17),
(581, '2016-08-26 17:00:00', '2016-08-26 17:00:00', '2016-08-26 18:00:00', 3, 6, 17),
(582, '2016-08-26 17:00:00', '2016-08-26 17:00:00', '2016-08-26 18:00:00', 3, 9, 17),
(583, '2016-08-26 18:00:00', '2016-08-26 18:00:00', '2016-08-26 19:00:00', 3, 35, 17),
(584, '2016-08-26 18:00:00', '2016-08-26 18:00:00', '2016-08-26 19:00:00', 3, 49, 17),
(585, '2016-08-22 17:00:00', '2016-08-22 17:00:00', '2016-08-22 18:00:00', 3, 4, 18),
(586, '2016-08-22 17:00:00', '2016-08-22 17:00:00', '2016-08-22 18:00:00', 3, 28, 18),
(587, '2016-08-22 17:00:00', '2016-08-22 17:00:00', '2016-08-22 18:00:00', 3, 29, 18),
(588, '2016-08-26 18:00:00', '2016-08-26 18:00:00', '2016-08-26 19:00:00', 3, 30, 17),
(589, '2016-08-26 17:00:00', '2016-08-26 17:00:00', '2016-08-26 18:00:00', 3, 31, 13),
(590, '2016-08-26 17:00:00', '2016-08-26 17:00:00', '2016-08-26 18:00:00', 3, 32, 13),
(591, '2016-08-26 17:00:00', '2016-08-26 17:00:00', '2016-08-26 18:00:00', 3, 33, 13),
(592, '2016-08-26 18:00:00', '2016-08-26 18:00:00', '2016-08-26 19:00:00', 3, 34, 13),
(593, '2016-08-26 18:00:00', '2016-08-26 18:00:00', '2016-08-26 19:00:00', 3, 36, 13),
(594, '2016-08-26 18:00:00', '2016-08-26 18:00:00', '2016-08-26 19:00:00', 3, 37, 13),
(595, '2016-08-26 18:00:00', '2016-08-26 18:00:00', '2016-08-26 19:00:00', 3, 38, 7),
(596, '2016-08-26 18:00:00', '2016-08-26 18:00:00', '2016-08-26 19:00:00', 3, 39, 7),
(597, '2016-08-26 18:00:00', '2016-08-26 18:00:00', '2016-08-26 19:00:00', 3, 40, 7),
(598, '2016-08-23 16:00:00', '2016-08-23 16:00:00', '2016-08-23 17:00:00', 3, 46, 14),
(599, '2016-08-26 19:00:00', '2016-08-26 19:00:00', '2016-08-26 20:00:00', 3, 47, 7),
(600, '2016-08-26 19:00:00', '2016-08-26 19:00:00', '2016-08-26 20:00:00', 3, 2, 7),
(601, '2016-08-26 19:00:00', '2016-08-26 19:00:00', '2016-08-26 20:00:00', 3, 3, 7),
(602, '2016-08-24 16:00:00', '2016-08-24 16:00:00', '2016-08-24 17:00:00', 3, 8, 16),
(603, '2016-08-24 16:00:00', '2016-08-24 16:00:00', '2016-08-24 17:00:00', 3, 11, 16),
(604, '2016-08-24 16:00:00', '2016-08-24 16:00:00', '2016-08-24 17:00:00', 3, 27, 16),
(605, '2016-08-22 16:00:00', '2016-08-22 16:00:00', '2016-08-22 17:00:00', 3, 41, 18),
(606, '2016-08-22 16:00:00', '2016-08-22 16:00:00', '2016-08-22 17:00:00', 3, 42, 18),
(607, '2016-08-22 16:00:00', '2016-08-22 16:00:00', '2016-08-22 17:00:00', 3, 43, 18),
(608, '2016-08-23 16:00:00', '2016-08-23 16:00:00', '2016-08-23 17:00:00', 3, 44, 14),
(609, '2016-08-23 16:00:00', '2016-08-23 16:00:00', '2016-08-23 17:00:00', 3, 45, 14),
(610, '2016-08-24 17:00:00', '2016-08-24 17:00:00', '2016-08-24 18:00:00', 3, 48, 16),
(611, '2016-08-24 17:00:00', '2016-08-24 17:00:00', '2016-08-24 18:00:00', 3, 7, 16),
(612, '2016-08-24 17:00:00', '2016-08-24 17:00:00', '2016-08-24 18:00:00', 3, 10, 16),
(613, '2016-08-26 18:00:00', '2016-08-26 18:00:00', '2016-08-26 19:00:00', 3, 12, 1),
(614, '2016-08-26 18:00:00', '2016-08-26 18:00:00', '2016-08-26 19:00:00', 3, 13, 1),
(615, '2016-08-26 18:00:00', '2016-08-26 18:00:00', '2016-08-26 19:00:00', 3, 14, 1),
(616, '2016-08-26 19:00:00', '2016-08-26 19:00:00', '2016-08-26 20:00:00', 3, 15, 1),
(617, '2016-08-26 19:00:00', '2016-08-26 19:00:00', '2016-08-26 20:00:00', 3, 16, 1),
(618, '2016-08-26 19:00:00', '2016-08-26 19:00:00', '2016-08-26 20:00:00', 3, 17, 1),
(619, '2016-08-23 17:00:00', '2016-08-23 17:00:00', '2016-08-23 18:00:00', 3, 18, 14),
(620, '2016-08-23 17:00:00', '2016-08-23 17:00:00', '2016-08-23 18:00:00', 3, 19, 14),
(621, '2016-08-23 17:00:00', '2016-08-23 17:00:00', '2016-08-23 18:00:00', 3, 20, 14),
(622, '2016-08-23 18:00:00', '2016-08-23 18:00:00', '2016-08-23 19:00:00', 3, 21, 15),
(623, '2016-08-23 18:00:00', '2016-08-23 18:00:00', '2016-08-23 19:00:00', 3, 22, 15),
(624, '2016-08-23 18:00:00', '2016-08-23 18:00:00', '2016-08-23 19:00:00', 3, 23, 15),
(625, '2016-08-23 19:00:00', '2016-08-23 19:00:00', '2016-08-23 20:00:00', 3, 24, 15),
(626, '2016-08-23 19:00:00', '2016-08-23 19:00:00', '2016-08-23 20:00:00', 3, 25, 15),
(627, '2016-08-23 19:00:00', '2016-08-23 19:00:00', '2016-08-23 20:00:00', 3, 26, 15),
(628, '2016-09-02 17:00:00', '2016-09-02 17:00:00', '2016-09-02 18:00:00', 3, 5, 13),
(629, '2016-09-02 17:00:00', '2016-09-02 17:00:00', '2016-09-02 18:00:00', 3, 6, 13),
(630, '2016-09-02 17:00:00', '2016-09-02 17:00:00', '2016-09-02 18:00:00', 3, 9, 13),
(631, '2016-09-02 18:00:00', '2016-09-02 18:00:00', '2016-09-02 19:00:00', 3, 35, 13),
(632, '2016-09-02 18:00:00', '2016-09-02 18:00:00', '2016-09-02 19:00:00', 3, 49, 13),
(633, '2016-09-02 17:00:00', '2016-09-02 17:00:00', '2016-09-02 18:00:00', 3, 4, 17),
(634, '2016-09-02 17:00:00', '2016-09-02 17:00:00', '2016-09-02 18:00:00', 3, 28, 17),
(635, '2016-09-02 17:00:00', '2016-09-02 17:00:00', '2016-09-02 18:00:00', 3, 29, 17),
(636, '2016-08-29 17:00:00', '2016-08-29 17:00:00', '2016-08-29 18:00:00', 3, 30, 18),
(637, '2016-08-29 17:00:00', '2016-08-29 17:00:00', '2016-08-29 18:00:00', 3, 31, 18),
(638, '2016-08-29 17:00:00', '2016-08-29 17:00:00', '2016-08-29 18:00:00', 3, 32, 18),
(639, '2016-09-02 18:00:00', '2016-09-02 18:00:00', '2016-09-02 19:00:00', 3, 33, 17),
(640, '2016-09-02 18:00:00', '2016-09-02 18:00:00', '2016-09-02 19:00:00', 3, 34, 17),
(641, '2016-09-02 18:00:00', '2016-09-02 18:00:00', '2016-09-02 19:00:00', 3, 36, 17),
(642, '2016-09-02 18:00:00', '2016-09-02 18:00:00', '2016-09-02 19:00:00', 3, 37, 7),
(643, '2016-09-02 18:00:00', '2016-09-02 18:00:00', '2016-09-02 19:00:00', 3, 38, 13),
(644, '2016-08-31 16:00:00', '2016-08-31 16:00:00', '2016-08-31 17:00:00', 3, 39, 16),
(645, '2016-08-31 16:00:00', '2016-08-31 16:00:00', '2016-08-31 17:00:00', 3, 40, 16),
(646, '2016-09-02 18:00:00', '2016-09-02 18:00:00', '2016-09-02 19:00:00', 3, 46, 7),
(647, '2016-08-31 16:00:00', '2016-08-31 16:00:00', '2016-08-31 17:00:00', 3, 47, 16),
(648, '2016-08-31 17:00:00', '2016-08-31 17:00:00', '2016-08-31 18:00:00', 3, 2, 16),
(649, '2016-08-31 17:00:00', '2016-08-31 17:00:00', '2016-08-31 18:00:00', 3, 3, 16),
(650, '2016-09-02 18:00:00', '2016-09-02 18:00:00', '2016-09-02 19:00:00', 3, 8, 7),
(651, '2016-09-02 19:00:00', '2016-09-02 19:00:00', '2016-09-02 20:00:00', 3, 11, 7),
(652, '2016-09-02 19:00:00', '2016-09-02 19:00:00', '2016-09-02 20:00:00', 3, 27, 7),
(653, '2016-09-02 19:00:00', '2016-09-02 19:00:00', '2016-09-02 20:00:00', 3, 41, 1),
(654, '2016-09-02 19:00:00', '2016-09-02 19:00:00', '2016-09-02 20:00:00', 3, 42, 1),
(655, '2016-09-02 19:00:00', '2016-09-02 19:00:00', '2016-09-02 20:00:00', 3, 43, 1),
(656, '2016-08-29 16:00:00', '2016-08-29 16:00:00', '2016-08-29 17:00:00', 3, 44, 18),
(657, '2016-08-29 16:00:00', '2016-08-29 16:00:00', '2016-08-29 17:00:00', 3, 45, 18),
(658, '2016-09-02 19:00:00', '2016-09-02 19:00:00', '2016-09-02 20:00:00', 3, 48, 7),
(659, '2016-08-31 17:00:00', '2016-08-31 17:00:00', '2016-08-31 18:00:00', 3, 16, 16),
(660, '2016-08-30 16:00:00', '2016-08-30 16:00:00', '2016-08-30 17:00:00', 3, 17, 14),
(661, '2016-09-02 18:00:00', '2016-09-02 18:00:00', '2016-09-02 19:00:00', 3, 20, 1),
(662, '2016-09-02 18:00:00', '2016-09-02 18:00:00', '2016-09-02 19:00:00', 3, 22, 1),
(663, '2016-09-02 18:00:00', '2016-09-02 18:00:00', '2016-09-02 19:00:00', 3, 23, 1),
(664, '2016-08-30 16:00:00', '2016-08-30 16:00:00', '2016-08-30 17:00:00', 3, 24, 14),
(665, '2016-08-30 16:00:00', '2016-08-30 16:00:00', '2016-08-30 17:00:00', 3, 7, 14),
(666, '2016-08-30 17:00:00', '2016-08-30 17:00:00', '2016-08-30 18:00:00', 3, 10, 14),
(667, '2016-08-30 17:00:00', '2016-08-30 17:00:00', '2016-08-30 18:00:00', 3, 12, 14),
(668, '2016-08-30 17:00:00', '2016-08-30 17:00:00', '2016-08-30 18:00:00', 3, 13, 14),
(669, '2016-08-30 18:00:00', '2016-08-30 18:00:00', '2016-08-30 19:00:00', 3, 14, 15),
(670, '2016-08-30 18:00:00', '2016-08-30 18:00:00', '2016-08-30 19:00:00', 3, 15, 15),
(671, '2016-08-29 16:00:00', '2016-08-29 16:00:00', '2016-08-29 17:00:00', 3, 18, 18),
(672, '2016-08-30 18:00:00', '2016-08-30 18:00:00', '2016-08-30 19:00:00', 3, 19, 15),
(673, '2016-08-30 19:00:00', '2016-08-30 19:00:00', '2016-08-30 20:00:00', 3, 21, 15),
(674, '2016-08-30 19:00:00', '2016-08-30 19:00:00', '2016-08-30 20:00:00', 3, 25, 15),
(675, '2016-08-30 19:00:00', '2016-08-30 19:00:00', '2016-08-30 20:00:00', 3, 26, 15),
(676, '2016-09-09 18:00:00', '2016-09-09 18:00:00', '2016-09-09 19:00:00', 3, 5, 7),
(677, '2016-09-09 18:00:00', '2016-09-09 18:00:00', '2016-09-09 19:00:00', 3, 6, 7),
(678, '2016-09-09 18:00:00', '2016-09-09 18:00:00', '2016-09-09 19:00:00', 3, 9, 7),
(679, '2016-09-09 19:00:00', '2016-09-09 19:00:00', '2016-09-09 20:00:00', 3, 35, 7),
(680, '2016-09-09 19:00:00', '2016-09-09 19:00:00', '2016-09-09 20:00:00', 3, 49, 7),
(681, '2016-09-09 17:00:00', '2016-09-09 17:00:00', '2016-09-09 18:00:00', 3, 4, 13),
(682, '2016-09-09 17:00:00', '2016-09-09 17:00:00', '2016-09-09 18:00:00', 3, 28, 13),
(683, '2016-09-09 17:00:00', '2016-09-09 17:00:00', '2016-09-09 18:00:00', 3, 29, 13),
(684, '2016-09-09 18:00:00', '2016-09-09 18:00:00', '2016-09-09 19:00:00', 3, 30, 13),
(685, '2016-09-09 17:00:00', '2016-09-09 17:00:00', '2016-09-09 18:00:00', 3, 31, 17),
(686, '2016-09-09 17:00:00', '2016-09-09 17:00:00', '2016-09-09 18:00:00', 3, 32, 17),
(687, '2016-09-05 17:00:00', '2016-09-05 17:00:00', '2016-09-05 18:00:00', 3, 33, 18),
(688, '2016-09-05 17:00:00', '2016-09-05 17:00:00', '2016-09-05 18:00:00', 3, 34, 18),
(689, '2016-09-05 17:00:00', '2016-09-05 17:00:00', '2016-09-05 18:00:00', 3, 36, 18),
(690, '2016-09-09 17:00:00', '2016-09-09 17:00:00', '2016-09-09 18:00:00', 3, 37, 17),
(691, '2016-09-09 18:00:00', '2016-09-09 18:00:00', '2016-09-09 19:00:00', 3, 38, 17),
(692, '2016-09-09 18:00:00', '2016-09-09 18:00:00', '2016-09-09 19:00:00', 3, 39, 17),
(693, '2016-09-09 18:00:00', '2016-09-09 18:00:00', '2016-09-09 19:00:00', 3, 40, 17),
(694, '2016-09-09 18:00:00', '2016-09-09 18:00:00', '2016-09-09 19:00:00', 3, 46, 13),
(695, '2016-09-09 18:00:00', '2016-09-09 18:00:00', '2016-09-09 19:00:00', 3, 47, 1),
(696, '2016-09-09 18:00:00', '2016-09-09 18:00:00', '2016-09-09 19:00:00', 3, 2, 1),
(697, '2016-09-09 18:00:00', '2016-09-09 18:00:00', '2016-09-09 19:00:00', 3, 3, 1),
(698, '2016-09-09 19:00:00', '2016-09-09 19:00:00', '2016-09-09 20:00:00', 3, 8, 1),
(699, '2016-09-09 19:00:00', '2016-09-09 19:00:00', '2016-09-09 20:00:00', 3, 11, 1),
(700, '2016-09-09 19:00:00', '2016-09-09 19:00:00', '2016-09-09 20:00:00', 3, 27, 1),
(701, '2016-09-09 18:00:00', '2016-09-09 18:00:00', '2016-09-09 19:00:00', 3, 41, 13),
(702, '2016-09-06 16:00:00', '2016-09-06 16:00:00', '2016-09-06 17:00:00', 3, 42, 14),
(703, '2016-09-06 16:00:00', '2016-09-06 16:00:00', '2016-09-06 17:00:00', 3, 43, 14),
(704, '2016-09-05 16:00:00', '2016-09-05 16:00:00', '2016-09-05 17:00:00', 3, 44, 18),
(705, '2016-09-05 16:00:00', '2016-09-05 16:00:00', '2016-09-05 17:00:00', 3, 45, 18),
(706, '2016-09-06 16:00:00', '2016-09-06 16:00:00', '2016-09-06 17:00:00', 3, 48, 14),
(707, '2016-09-09 19:00:00', '2016-09-09 19:00:00', '2016-09-09 20:00:00', 3, 16, 7),
(708, '2016-09-07 16:00:00', '2016-09-07 16:00:00', '2016-09-07 17:00:00', 3, 17, 16),
(709, '2016-09-07 16:00:00', '2016-09-07 16:00:00', '2016-09-07 17:00:00', 3, 20, 16),
(710, '2016-09-07 16:00:00', '2016-09-07 16:00:00', '2016-09-07 17:00:00', 3, 22, 16),
(711, '2016-09-07 17:00:00', '2016-09-07 17:00:00', '2016-09-07 18:00:00', 3, 23, 16),
(712, '2016-09-07 17:00:00', '2016-09-07 17:00:00', '2016-09-07 18:00:00', 3, 24, 16),
(713, '2016-09-07 17:00:00', '2016-09-07 17:00:00', '2016-09-07 18:00:00', 3, 7, 16),
(714, '2016-09-06 18:00:00', '2016-09-06 18:00:00', '2016-09-06 19:00:00', 3, 10, 15),
(715, '2016-09-06 17:00:00', '2016-09-06 17:00:00', '2016-09-06 18:00:00', 3, 12, 14),
(716, '2016-09-06 19:00:00', '2016-09-06 19:00:00', '2016-09-06 20:00:00', 3, 13, 15),
(717, '2016-09-06 17:00:00', '2016-09-06 17:00:00', '2016-09-06 18:00:00', 3, 14, 14),
(718, '2016-09-06 17:00:00', '2016-09-06 17:00:00', '2016-09-06 18:00:00', 3, 15, 14),
(719, '2016-09-05 16:00:00', '2016-09-05 16:00:00', '2016-09-05 17:00:00', 3, 18, 18),
(720, '2016-09-06 18:00:00', '2016-09-06 18:00:00', '2016-09-06 19:00:00', 3, 19, 15),
(721, '2016-09-06 18:00:00', '2016-09-06 18:00:00', '2016-09-06 19:00:00', 3, 21, 15),
(722, '2016-09-06 19:00:00', '2016-09-06 19:00:00', '2016-09-06 20:00:00', 3, 25, 15),
(723, '2016-09-06 19:00:00', '2016-09-06 19:00:00', '2016-09-06 20:00:00', 3, 26, 15),
(724, '2016-09-14 16:00:00', '2016-09-14 16:00:00', '2016-09-14 17:00:00', 3, 5, 16),
(725, '2016-09-14 16:00:00', '2016-09-14 16:00:00', '2016-09-14 17:00:00', 3, 6, 16),
(726, '2016-09-14 16:00:00', '2016-09-14 16:00:00', '2016-09-14 17:00:00', 3, 9, 16),
(727, '2016-09-14 17:00:00', '2016-09-14 17:00:00', '2016-09-14 18:00:00', 3, 35, 16),
(728, '2016-09-14 17:00:00', '2016-09-14 17:00:00', '2016-09-14 18:00:00', 3, 49, 16),
(729, '2016-09-16 18:00:00', '2016-09-16 18:00:00', '2016-09-16 19:00:00', 3, 4, 7),
(730, '2016-09-16 18:00:00', '2016-09-16 18:00:00', '2016-09-16 19:00:00', 3, 28, 7),
(731, '2016-09-16 18:00:00', '2016-09-16 18:00:00', '2016-09-16 19:00:00', 3, 29, 7),
(732, '2016-09-16 19:00:00', '2016-09-16 19:00:00', '2016-09-16 20:00:00', 3, 30, 7),
(733, '2016-09-16 19:00:00', '2016-09-16 19:00:00', '2016-09-16 20:00:00', 3, 31, 7),
(734, '2016-09-16 19:00:00', '2016-09-16 19:00:00', '2016-09-16 20:00:00', 3, 32, 7),
(735, '2016-09-14 17:00:00', '2016-09-14 17:00:00', '2016-09-14 18:00:00', 3, 33, 16),
(736, '2016-09-16 18:00:00', '2016-09-16 18:00:00', '2016-09-16 19:00:00', 3, 34, 1),
(737, '2016-09-16 18:00:00', '2016-09-16 18:00:00', '2016-09-16 19:00:00', 3, 36, 1),
(738, '2016-09-12 17:00:00', '2016-09-12 17:00:00', '2016-09-12 18:00:00', 3, 37, 18),
(739, '2016-09-12 17:00:00', '2016-09-12 17:00:00', '2016-09-12 18:00:00', 3, 38, 18),
(740, '2016-09-12 17:00:00', '2016-09-12 17:00:00', '2016-09-12 18:00:00', 3, 39, 18),
(741, '2016-09-16 17:00:00', '2016-09-16 17:00:00', '2016-09-16 18:00:00', 3, 40, 13),
(742, '2016-09-16 17:00:00', '2016-09-16 17:00:00', '2016-09-16 18:00:00', 3, 46, 17),
(743, '2016-09-13 16:00:00', '2016-09-13 16:00:00', '2016-09-13 17:00:00', 3, 47, 14),
(744, '2016-09-13 16:00:00', '2016-09-13 16:00:00', '2016-09-13 17:00:00', 3, 2, 14),
(745, '2016-09-13 16:00:00', '2016-09-13 16:00:00', '2016-09-13 17:00:00', 3, 3, 14),
(746, '2016-09-13 17:00:00', '2016-09-13 17:00:00', '2016-09-13 18:00:00', 3, 8, 14),
(747, '2016-09-13 17:00:00', '2016-09-13 17:00:00', '2016-09-13 18:00:00', 3, 11, 14),
(748, '2016-09-13 17:00:00', '2016-09-13 17:00:00', '2016-09-13 18:00:00', 3, 27, 14),
(749, '2016-09-16 17:00:00', '2016-09-16 17:00:00', '2016-09-16 18:00:00', 3, 41, 17),
(750, '2016-09-16 17:00:00', '2016-09-16 17:00:00', '2016-09-16 18:00:00', 3, 42, 17),
(751, '2016-09-16 18:00:00', '2016-09-16 18:00:00', '2016-09-16 19:00:00', 3, 43, 17),
(752, '2016-09-16 18:00:00', '2016-09-16 18:00:00', '2016-09-16 19:00:00', 3, 44, 17),
(753, '2016-09-16 18:00:00', '2016-09-16 18:00:00', '2016-09-16 19:00:00', 3, 45, 17),
(754, '2016-09-16 18:00:00', '2016-09-16 18:00:00', '2016-09-16 19:00:00', 3, 48, 1),
(755, '2016-09-16 19:00:00', '2016-09-16 19:00:00', '2016-09-16 20:00:00', 3, 16, 1),
(756, '2016-09-16 19:00:00', '2016-09-16 19:00:00', '2016-09-16 20:00:00', 3, 17, 1),
(757, '2016-09-16 19:00:00', '2016-09-16 19:00:00', '2016-09-16 20:00:00', 3, 20, 1),
(758, '2016-09-16 17:00:00', '2016-09-16 17:00:00', '2016-09-16 18:00:00', 3, 22, 13),
(759, '2016-09-16 17:00:00', '2016-09-16 17:00:00', '2016-09-16 18:00:00', 3, 23, 13),
(760, '2016-09-16 18:00:00', '2016-09-16 18:00:00', '2016-09-16 19:00:00', 3, 24, 13),
(761, '2016-09-13 18:00:00', '2016-09-13 18:00:00', '2016-09-13 19:00:00', 3, 7, 15),
(762, '2016-09-12 16:00:00', '2016-09-12 16:00:00', '2016-09-12 17:00:00', 3, 10, 18),
(763, '2016-09-16 18:00:00', '2016-09-16 18:00:00', '2016-09-16 19:00:00', 3, 12, 13),
(764, '2016-09-16 18:00:00', '2016-09-16 18:00:00', '2016-09-16 19:00:00', 3, 13, 13),
(765, '2016-09-13 19:00:00', '2016-09-13 19:00:00', '2016-09-13 20:00:00', 3, 14, 15),
(766, '2016-09-13 19:00:00', '2016-09-13 19:00:00', '2016-09-13 20:00:00', 3, 15, 15),
(767, '2016-09-13 18:00:00', '2016-09-13 18:00:00', '2016-09-13 19:00:00', 3, 18, 15),
(768, '2016-09-12 16:00:00', '2016-09-12 16:00:00', '2016-09-12 17:00:00', 3, 19, 18),
(769, '2016-09-12 16:00:00', '2016-09-12 16:00:00', '2016-09-12 17:00:00', 3, 21, 18),
(770, '2016-09-13 18:00:00', '2016-09-13 18:00:00', '2016-09-13 19:00:00', 3, 25, 15),
(771, '2016-09-13 19:00:00', '2016-09-13 19:00:00', '2016-09-13 20:00:00', 3, 26, 15),
(772, '2016-09-23 18:00:00', '2016-09-23 18:00:00', '2016-09-23 19:00:00', 3, 5, 1),
(773, '2016-09-23 18:00:00', '2016-09-23 18:00:00', '2016-09-23 19:00:00', 3, 6, 1),
(774, '2016-09-23 18:00:00', '2016-09-23 18:00:00', '2016-09-23 19:00:00', 3, 9, 1),
(775, '2016-09-23 19:00:00', '2016-09-23 19:00:00', '2016-09-23 20:00:00', 3, 35, 1),
(776, '2016-09-23 19:00:00', '2016-09-23 19:00:00', '2016-09-23 20:00:00', 3, 49, 1),
(777, '2016-09-21 16:00:00', '2016-09-21 16:00:00', '2016-09-21 17:00:00', 3, 4, 16),
(778, '2016-09-21 16:00:00', '2016-09-21 16:00:00', '2016-09-21 17:00:00', 3, 28, 16),
(779, '2016-09-21 16:00:00', '2016-09-21 16:00:00', '2016-09-21 17:00:00', 3, 29, 16),
(780, '2016-09-21 17:00:00', '2016-09-21 17:00:00', '2016-09-21 18:00:00', 3, 30, 16),
(781, '2016-09-21 17:00:00', '2016-09-21 17:00:00', '2016-09-21 18:00:00', 3, 31, 16),
(782, '2016-09-21 17:00:00', '2016-09-21 17:00:00', '2016-09-21 18:00:00', 3, 32, 16),
(783, '2016-09-23 18:00:00', '2016-09-23 18:00:00', '2016-09-23 19:00:00', 3, 33, 7),
(784, '2016-09-23 18:00:00', '2016-09-23 18:00:00', '2016-09-23 19:00:00', 3, 34, 7),
(785, '2016-09-23 18:00:00', '2016-09-23 18:00:00', '2016-09-23 19:00:00', 3, 36, 7),
(786, '2016-09-23 19:00:00', '2016-09-23 19:00:00', '2016-09-23 20:00:00', 3, 37, 1),
(787, '2016-09-20 16:00:00', '2016-09-20 16:00:00', '2016-09-20 17:00:00', 3, 38, 14),
(788, '2016-09-23 17:00:00', '2016-09-23 17:00:00', '2016-09-23 18:00:00', 3, 39, 13),
(789, '2016-09-19 17:00:00', '2016-09-19 17:00:00', '2016-09-19 18:00:00', 3, 40, 18),
(790, '2016-09-23 19:00:00', '2016-09-23 19:00:00', '2016-09-23 20:00:00', 3, 41, 7),
(791, '2016-09-23 17:00:00', '2016-09-23 17:00:00', '2016-09-23 18:00:00', 3, 42, 13),
(792, '2016-09-23 17:00:00', '2016-09-23 17:00:00', '2016-09-23 18:00:00', 3, 43, 13),
(793, '2016-09-23 18:00:00', '2016-09-23 18:00:00', '2016-09-23 19:00:00', 3, 44, 13),
(794, '2016-09-23 18:00:00', '2016-09-23 18:00:00', '2016-09-23 19:00:00', 3, 45, 13),
(795, '2016-09-19 17:00:00', '2016-09-19 17:00:00', '2016-09-19 18:00:00', 3, 46, 18),
(796, '2016-09-23 19:00:00', '2016-09-23 19:00:00', '2016-09-23 20:00:00', 3, 47, 7),
(797, '2016-09-23 19:00:00', '2016-09-23 19:00:00', '2016-09-23 20:00:00', 3, 2, 7),
(798, '2016-09-20 16:00:00', '2016-09-20 16:00:00', '2016-09-20 17:00:00', 3, 3, 14),
(799, '2016-09-20 16:00:00', '2016-09-20 16:00:00', '2016-09-20 17:00:00', 3, 8, 14),
(800, '2016-09-20 17:00:00', '2016-09-20 17:00:00', '2016-09-20 18:00:00', 3, 11, 14),
(801, '2016-09-20 17:00:00', '2016-09-20 17:00:00', '2016-09-20 18:00:00', 3, 16, 14),
(802, '2016-09-20 17:00:00', '2016-09-20 17:00:00', '2016-09-20 18:00:00', 3, 17, 14),
(803, '2016-09-23 17:00:00', '2016-09-23 17:00:00', '2016-09-23 18:00:00', 3, 20, 17),
(804, '2016-09-23 17:00:00', '2016-09-23 17:00:00', '2016-09-23 18:00:00', 3, 22, 17),
(805, '2016-09-23 17:00:00', '2016-09-23 17:00:00', '2016-09-23 18:00:00', 3, 23, 17),
(806, '2016-09-20 18:00:00', '2016-09-20 18:00:00', '2016-09-20 19:00:00', 3, 24, 15),
(807, '2016-09-23 18:00:00', '2016-09-23 18:00:00', '2016-09-23 19:00:00', 3, 27, 17),
(808, '2016-09-19 16:00:00', '2016-09-19 16:00:00', '2016-09-19 17:00:00', 3, 48, 18),
(809, '2016-09-19 16:00:00', '2016-09-19 16:00:00', '2016-09-19 17:00:00', 3, 7, 18),
(810, '2016-09-23 18:00:00', '2016-09-23 18:00:00', '2016-09-23 19:00:00', 3, 10, 17),
(811, '2016-09-19 16:00:00', '2016-09-19 16:00:00', '2016-09-19 17:00:00', 3, 12, 18),
(812, '2016-09-23 18:00:00', '2016-09-23 18:00:00', '2016-09-23 19:00:00', 3, 13, 17),
(813, '2016-09-23 18:00:00', '2016-09-23 18:00:00', '2016-09-23 19:00:00', 3, 14, 13),
(814, '2016-09-19 17:00:00', '2016-09-19 17:00:00', '2016-09-19 18:00:00', 3, 15, 18),
(815, '2016-09-20 18:00:00', '2016-09-20 18:00:00', '2016-09-20 19:00:00', 3, 18, 15),
(816, '2016-09-20 18:00:00', '2016-09-20 18:00:00', '2016-09-20 19:00:00', 3, 19, 15),
(817, '2016-09-20 19:00:00', '2016-09-20 19:00:00', '2016-09-20 20:00:00', 3, 21, 15),
(818, '2016-09-20 19:00:00', '2016-09-20 19:00:00', '2016-09-20 20:00:00', 3, 25, 15),
(819, '2016-09-20 19:00:00', '2016-09-20 19:00:00', '2016-09-20 20:00:00', 3, 26, 15),
(820, '2016-09-27 16:00:00', '2016-09-27 16:00:00', '2016-09-27 17:00:00', 3, 5, 14),
(821, '2016-09-27 16:00:00', '2016-09-27 16:00:00', '2016-09-27 17:00:00', 3, 6, 14),
(822, '2016-09-27 16:00:00', '2016-09-27 16:00:00', '2016-09-27 17:00:00', 3, 9, 14),
(823, '2016-09-27 17:00:00', '2016-09-27 17:00:00', '2016-09-27 18:00:00', 3, 35, 14),
(824, '2016-09-27 17:00:00', '2016-09-27 17:00:00', '2016-09-27 18:00:00', 3, 49, 14),
(825, '2016-09-30 18:00:00', '2016-09-30 18:00:00', '2016-09-30 19:00:00', 3, 4, 1),
(826, '2016-09-30 18:00:00', '2016-09-30 18:00:00', '2016-09-30 19:00:00', 3, 28, 1),
(827, '2016-09-30 18:00:00', '2016-09-30 18:00:00', '2016-09-30 19:00:00', 3, 29, 1),
(828, '2016-09-30 19:00:00', '2016-09-30 19:00:00', '2016-09-30 20:00:00', 3, 30, 1),
(829, '2016-09-30 19:00:00', '2016-09-30 19:00:00', '2016-09-30 20:00:00', 3, 31, 1),
(830, '2016-09-30 19:00:00', '2016-09-30 19:00:00', '2016-09-30 20:00:00', 3, 32, 1),
(831, '2016-09-27 17:00:00', '2016-09-27 17:00:00', '2016-09-27 18:00:00', 3, 33, 14),
(832, '2016-09-28 16:00:00', '2016-09-28 16:00:00', '2016-09-28 17:00:00', 3, 34, 16),
(833, '2016-09-28 16:00:00', '2016-09-28 16:00:00', '2016-09-28 17:00:00', 3, 36, 16),
(834, '2016-09-28 16:00:00', '2016-09-28 16:00:00', '2016-09-28 17:00:00', 3, 37, 16),
(835, '2016-09-28 17:00:00', '2016-09-28 17:00:00', '2016-09-28 18:00:00', 3, 38, 16),
(836, '2016-09-26 17:00:00', '2016-09-26 17:00:00', '2016-09-26 18:00:00', 3, 39, 18),
(837, '2016-09-26 17:00:00', '2016-09-26 17:00:00', '2016-09-26 18:00:00', 3, 40, 18),
(838, '2016-09-28 17:00:00', '2016-09-28 17:00:00', '2016-09-28 18:00:00', 3, 41, 16),
(839, '2016-09-30 18:00:00', '2016-09-30 18:00:00', '2016-09-30 19:00:00', 3, 42, 7),
(840, '2016-09-30 18:00:00', '2016-09-30 18:00:00', '2016-09-30 19:00:00', 3, 43, 7),
(841, '2016-09-30 18:00:00', '2016-09-30 18:00:00', '2016-09-30 19:00:00', 3, 44, 7),
(842, '2016-09-30 19:00:00', '2016-09-30 19:00:00', '2016-09-30 20:00:00', 3, 45, 7),
(843, '2016-09-28 17:00:00', '2016-09-28 17:00:00', '2016-09-28 18:00:00', 3, 46, 16),
(844, '2016-09-30 17:00:00', '2016-09-30 17:00:00', '2016-09-30 18:00:00', 3, 47, 17),
(845, '2016-09-30 17:00:00', '2016-09-30 17:00:00', '2016-09-30 18:00:00', 3, 2, 17),
(846, '2016-09-30 19:00:00', '2016-09-30 19:00:00', '2016-09-30 20:00:00', 3, 3, 7),
(847, '2016-09-30 19:00:00', '2016-09-30 19:00:00', '2016-09-30 20:00:00', 3, 8, 7),
(848, '2016-09-30 17:00:00', '2016-09-30 17:00:00', '2016-09-30 18:00:00', 3, 11, 17),
(849, '2016-09-30 18:00:00', '2016-09-30 18:00:00', '2016-09-30 19:00:00', 3, 16, 17),
(850, '2016-09-30 18:00:00', '2016-09-30 18:00:00', '2016-09-30 19:00:00', 3, 17, 17),
(851, '2016-09-30 17:00:00', '2016-09-30 17:00:00', '2016-09-30 18:00:00', 3, 20, 13),
(852, '2016-09-30 18:00:00', '2016-09-30 18:00:00', '2016-09-30 19:00:00', 3, 22, 17),
(853, '2016-09-30 17:00:00', '2016-09-30 17:00:00', '2016-09-30 18:00:00', 3, 23, 13),
(854, '2016-09-30 17:00:00', '2016-09-30 17:00:00', '2016-09-30 18:00:00', 3, 24, 13),
(855, '2016-09-30 18:00:00', '2016-09-30 18:00:00', '2016-09-30 19:00:00', 3, 27, 13),
(856, '2016-09-30 18:00:00', '2016-09-30 18:00:00', '2016-09-30 19:00:00', 3, 48, 13),
(857, '2016-09-30 18:00:00', '2016-09-30 18:00:00', '2016-09-30 19:00:00', 3, 7, 13),
(858, '2016-09-27 18:00:00', '2016-09-27 18:00:00', '2016-09-27 19:00:00', 3, 10, 15),
(859, '2016-09-27 18:00:00', '2016-09-27 18:00:00', '2016-09-27 19:00:00', 3, 12, 15),
(860, '2016-09-27 18:00:00', '2016-09-27 18:00:00', '2016-09-27 19:00:00', 3, 13, 15),
(861, '2016-09-26 16:00:00', '2016-09-26 16:00:00', '2016-09-26 17:00:00', 3, 14, 18),
(862, '2016-09-27 19:00:00', '2016-09-27 19:00:00', '2016-09-27 20:00:00', 3, 15, 15),
(863, '2016-09-26 16:00:00', '2016-09-26 16:00:00', '2016-09-26 17:00:00', 3, 18, 18),
(864, '2016-09-26 16:00:00', '2016-09-26 16:00:00', '2016-09-26 17:00:00', 3, 19, 18),
(865, '2016-09-26 17:00:00', '2016-09-26 17:00:00', '2016-09-26 18:00:00', 3, 21, 18),
(866, '2016-09-27 19:00:00', '2016-09-27 19:00:00', '2016-09-27 20:00:00', 3, 25, 15),
(867, '2016-09-27 19:00:00', '2016-09-27 19:00:00', '2016-09-27 20:00:00', 3, 26, 15),
(868, '2016-10-07 17:00:00', '2016-10-07 17:00:00', '2016-10-07 18:00:00', 3, 5, 17),
(869, '2016-10-07 17:00:00', '2016-10-07 17:00:00', '2016-10-07 18:00:00', 3, 6, 17),
(870, '2016-10-07 17:00:00', '2016-10-07 17:00:00', '2016-10-07 18:00:00', 3, 9, 17),
(871, '2016-10-07 18:00:00', '2016-10-07 18:00:00', '2016-10-07 19:00:00', 3, 35, 17),
(872, '2016-10-07 18:00:00', '2016-10-07 18:00:00', '2016-10-07 19:00:00', 3, 49, 17),
(873, '2016-10-04 16:00:00', '2016-10-04 16:00:00', '2016-10-04 17:00:00', 3, 4, 14),
(874, '2016-10-04 16:00:00', '2016-10-04 16:00:00', '2016-10-04 17:00:00', 3, 28, 14),
(875, '2016-10-04 16:00:00', '2016-10-04 16:00:00', '2016-10-04 17:00:00', 3, 29, 14),
(876, '2016-10-04 17:00:00', '2016-10-04 17:00:00', '2016-10-04 18:00:00', 3, 30, 14),
(877, '2016-10-04 17:00:00', '2016-10-04 17:00:00', '2016-10-04 18:00:00', 3, 31, 14),
(878, '2016-10-04 17:00:00', '2016-10-04 17:00:00', '2016-10-04 18:00:00', 3, 32, 14),
(879, '2016-10-07 18:00:00', '2016-10-07 18:00:00', '2016-10-07 19:00:00', 3, 33, 1),
(880, '2016-10-03 17:00:00', '2016-10-03 17:00:00', '2016-10-03 18:00:00', 3, 34, 18),
(881, '2016-10-03 17:00:00', '2016-10-03 17:00:00', '2016-10-03 18:00:00', 3, 36, 18),
(882, '2016-10-03 17:00:00', '2016-10-03 17:00:00', '2016-10-03 18:00:00', 3, 37, 18),
(883, '2016-10-07 18:00:00', '2016-10-07 18:00:00', '2016-10-07 19:00:00', 3, 38, 1),
(884, '2016-10-07 18:00:00', '2016-10-07 18:00:00', '2016-10-07 19:00:00', 3, 39, 1),
(885, '2016-10-07 19:00:00', '2016-10-07 19:00:00', '2016-10-07 20:00:00', 3, 40, 1),
(886, '2016-10-07 19:00:00', '2016-10-07 19:00:00', '2016-10-07 20:00:00', 3, 46, 1),
(887, '2016-10-05 16:00:00', '2016-10-05 16:00:00', '2016-10-05 17:00:00', 3, 47, 16),
(888, '2016-10-05 16:00:00', '2016-10-05 16:00:00', '2016-10-05 17:00:00', 3, 2, 16),
(889, '2016-10-05 16:00:00', '2016-10-05 16:00:00', '2016-10-05 17:00:00', 3, 3, 16),
(890, '2016-10-05 17:00:00', '2016-10-05 17:00:00', '2016-10-05 18:00:00', 3, 8, 16),
(891, '2016-10-07 18:00:00', '2016-10-07 18:00:00', '2016-10-07 19:00:00', 3, 11, 7),
(892, '2016-10-07 18:00:00', '2016-10-07 18:00:00', '2016-10-07 19:00:00', 3, 27, 7),
(893, '2016-10-03 16:00:00', '2016-10-03 16:00:00', '2016-10-03 17:00:00', 3, 41, 18),
(894, '2016-10-05 17:00:00', '2016-10-05 17:00:00', '2016-10-05 18:00:00', 3, 42, 16),
(895, '2016-10-05 17:00:00', '2016-10-05 17:00:00', '2016-10-05 18:00:00', 3, 43, 16),
(896, '2016-10-07 19:00:00', '2016-10-07 19:00:00', '2016-10-07 20:00:00', 3, 44, 1),
(897, '2016-10-07 18:00:00', '2016-10-07 18:00:00', '2016-10-07 19:00:00', 3, 45, 17),
(898, '2016-10-07 18:00:00', '2016-10-07 18:00:00', '2016-10-07 19:00:00', 3, 48, 7),
(899, '2016-10-07 19:00:00', '2016-10-07 19:00:00', '2016-10-07 20:00:00', 3, 16, 7),
(900, '2016-10-07 19:00:00', '2016-10-07 19:00:00', '2016-10-07 20:00:00', 3, 17, 7),
(901, '2016-10-07 19:00:00', '2016-10-07 19:00:00', '2016-10-07 20:00:00', 3, 20, 7),
(902, '2016-10-07 17:00:00', '2016-10-07 17:00:00', '2016-10-07 18:00:00', 3, 22, 13),
(903, '2016-10-04 18:00:00', '2016-10-04 18:00:00', '2016-10-04 19:00:00', 3, 23, 15),
(904, '2016-10-04 18:00:00', '2016-10-04 18:00:00', '2016-10-04 19:00:00', 3, 24, 15),
(905, '2016-10-04 18:00:00', '2016-10-04 18:00:00', '2016-10-04 19:00:00', 3, 7, 15),
(906, '2016-10-07 17:00:00', '2016-10-07 17:00:00', '2016-10-07 18:00:00', 3, 10, 13),
(907, '2016-10-07 17:00:00', '2016-10-07 17:00:00', '2016-10-07 18:00:00', 3, 12, 13),
(908, '2016-10-07 18:00:00', '2016-10-07 18:00:00', '2016-10-07 19:00:00', 3, 13, 13),
(909, '2016-10-07 18:00:00', '2016-10-07 18:00:00', '2016-10-07 19:00:00', 3, 14, 13),
(910, '2016-10-07 18:00:00', '2016-10-07 18:00:00', '2016-10-07 19:00:00', 3, 15, 13),
(911, '2016-10-03 16:00:00', '2016-10-03 16:00:00', '2016-10-03 17:00:00', 3, 18, 18),
(912, '2016-10-03 16:00:00', '2016-10-03 16:00:00', '2016-10-03 17:00:00', 3, 19, 18),
(913, '2016-10-04 19:00:00', '2016-10-04 19:00:00', '2016-10-04 20:00:00', 3, 21, 15),
(914, '2016-10-04 19:00:00', '2016-10-04 19:00:00', '2016-10-04 20:00:00', 3, 25, 15),
(915, '2016-10-04 19:00:00', '2016-10-04 19:00:00', '2016-10-04 20:00:00', 3, 26, 15);

-- --------------------------------------------------------

--
-- Tábla szerkezet ehhez a táblához `tau_kholleurs`
--

CREATE TABLE IF NOT EXISTS `tau_kholleurs` (
  `id` int(11) NOT NULL AUTO_INCREMENT,
  `name` varchar(255) CHARACTER SET utf8 NOT NULL,
  `id_subjects` int(11) NOT NULL,
  `duration` int(11) NOT NULL,
  `preparation` int(11) NOT NULL,
  `pupils` int(11) NOT NULL,
  PRIMARY KEY (`id`)
) ENGINE=InnoDB  DEFAULT CHARSET=latin1 AUTO_INCREMENT=24 ;

--
-- A tábla adatainak kiíratása `tau_kholleurs`
--

INSERT INTO `tau_kholleurs` (`id`, `name`, `id_subjects`, `duration`, `preparation`, `pupils`) VALUES
(1, 'Kieffer', 3, 60, 0, 3),
(2, 'Ponche', 6, 60, 0, 3),
(7, 'Massoni', 3, 60, 0, 3),
(11, 'Berling', 16, 30, 30, 1),
(13, 'Lafitte', 3, 60, 0, 3),
(14, 'Morlot', 3, 60, 0, 3),
(15, 'Nougareyde', 3, 60, 0, 3),
(16, 'Colin', 3, 60, 0, 3),
(17, 'Hajjar', 3, 60, 0, 3),
(18, 'Alaux', 3, 60, 0, 3),
(19, 'Macé', 4, 60, 0, 3),
(20, 'Verdier', 4, 60, 0, 3),
(21, 'Burdeau', 4, 60, 0, 3),
(22, 'Wu', 4, 60, 0, 3),
(23, 'Gravel', 8, 20, 20, 1);

-- --------------------------------------------------------

--
-- Tábla szerkezet ehhez a táblához `tau_quotes`
--

CREATE TABLE IF NOT EXISTS `tau_quotes` (
  `id` int(11) NOT NULL AUTO_INCREMENT,
  `name` varchar(255) NOT NULL,
  `text` varchar(1000) NOT NULL,
  `date` date NOT NULL,
  `is_student` tinyint(3) unsigned NOT NULL,
  PRIMARY KEY (`id`)
) ENGINE=InnoDB  DEFAULT CHARSET=utf8 AUTO_INCREMENT=5 ;

--
-- A tábla adatainak kiíratása `tau_quotes`
--

INSERT INTO `tau_quotes` (`id`, `name`, `text`, `date`, `is_student`) VALUES
(2, 'Mme Gillette', '&quot;Le monsieur ne cesse plus d''agiter le bout de sa corde&quot;', '2015-09-20', 1),
(3, 'M. Lafitte etc.', '&quot;La famille FN est une famille libre.&quot;', '2015-12-05', 1),
(4, 'M. Lafitte', '&quot;A-t-on une unique solution? Parce que c''est ça la liberté....&quot;', '2015-12-01', 1);

-- --------------------------------------------------------

--
-- Tábla szerkezet ehhez a táblához `tau_subjects`
--

CREATE TABLE IF NOT EXISTS `tau_subjects` (
  `id` int(11) NOT NULL AUTO_INCREMENT,
  `name` varchar(255) CHARACTER SET utf8 NOT NULL,
  `shortName` varchar(255) CHARACTER SET utf8 NOT NULL,
  `color` varchar(7) CHARACTER SET utf8 NOT NULL,
  PRIMARY KEY (`id`)
) ENGINE=InnoDB  DEFAULT CHARSET=latin1 AUTO_INCREMENT=19 ;

--
-- A tábla adatainak kiíratása `tau_subjects`
--

INSERT INTO `tau_subjects` (`id`, `name`, `shortName`, `color`) VALUES
(2, 'Informatique', 'Info', '#e88500'),
(3, 'Mathématiques', 'Maths', '#960000'),
(4, 'Physique - Chimie', 'Physique', '#6100cc'),
(6, 'Sciences Industrielles de l''Ingénieur', 'SII', '#00c8f2'),
(8, 'Anglais LV1', 'Anglais1', '#247d22'),
(10, 'Allemand LV1', 'Allemand1', '#247d22'),
(11, 'Anglais LV2', 'Anglais2', '#337559'),
(12, 'Allemand LV2', 'Allemand2', '#337559'),
(13, 'Espagnol LV1', 'Espagnol1', '#247d22'),
(14, 'Espagnol LV2', 'Espagnol2', '#337559'),
(15, 'Education Physique et Sportive', 'EPS', '#004ad9'),
(16, 'Français', 'Français', '#874d0c'),
(17, 'Rabinage', 'Rabinage', '#7d7833'),
(18, 'Option Informatique', 'Option Info', '#00c8f2');

-- --------------------------------------------------------

--
-- Tábla szerkezet ehhez a táblához `tau_teachers`
--

CREATE TABLE IF NOT EXISTS `tau_teachers` (
  `id` int(11) NOT NULL AUTO_INCREMENT,
  `name` varchar(255) CHARACTER SET utf8 NOT NULL,
  `id_subjects` int(11) NOT NULL,
  PRIMARY KEY (`id`)
) ENGINE=InnoDB  DEFAULT CHARSET=latin1 AUTO_INCREMENT=11 ;

--
-- A tábla adatainak kiíratása `tau_teachers`
--

INSERT INTO `tau_teachers` (`id`, `name`, `id_subjects`) VALUES
(1, 'M. Lafitte', 0),
(2, 'Mme. Gillette', 0),
(3, 'M. Ponche', 0),
(4, 'M. Painchaud', 0),
(5, 'Mme. Froloff', 0),
(6, 'Mme. Galmiche', 0),
(7, 'Mme. Howaldt', 0),
(8, 'Mme. Montin', 0),
(9, 'Mme. Gorostiza', 0),
(10, 'Mme. Mangin', 0);

-- --------------------------------------------------------

--
-- Tábla szerkezet ehhez a táblához `tau_timeslots`
--

CREATE TABLE IF NOT EXISTS `tau_timeslots` (
  `id` int(11) NOT NULL AUTO_INCREMENT,
  `time` time NOT NULL,
  `time_end` time NOT NULL,
  `id_kholleurs` int(11) NOT NULL,
  `id_day` int(11) NOT NULL,
  `time_start` time NOT NULL,
  `pupils` int(11) NOT NULL,
  PRIMARY KEY (`id`)
) ENGINE=InnoDB  DEFAULT CHARSET=latin1 AUTO_INCREMENT=137 ;

--
-- A tábla adatainak kiíratása `tau_timeslots`
--

INSERT INTO `tau_timeslots` (`id`, `time`, `time_end`, `id_kholleurs`, `id_day`, `time_start`, `pupils`) VALUES
(77, '16:00:00', '16:30:00', 11, 3, '15:30:00', 1),
(78, '16:30:00', '17:00:00', 11, 3, '16:00:00', 1),
(79, '17:00:00', '17:30:00', 11, 3, '16:30:00', 1),
(80, '17:30:00', '18:00:00', 11, 3, '17:00:00', 1),
(83, '18:00:00', '19:00:00', 7, 5, '18:00:00', 3),
(84, '19:00:00', '20:00:00', 7, 5, '19:00:00', 3),
(87, '16:00:00', '17:00:00', 16, 3, '16:00:00', 3),
(88, '17:00:00', '18:00:00', 16, 3, '17:00:00', 3),
(91, '18:00:00', '19:00:00', 1, 5, '18:00:00', 3),
(92, '19:00:00', '20:00:00', 1, 5, '19:00:00', 3),
(99, '18:00:00', '19:00:00', 15, 2, '18:00:00', 3),
(100, '19:00:00', '20:00:00', 15, 2, '19:00:00', 3),
(101, '16:00:00', '17:00:00', 14, 2, '16:00:00', 3),
(102, '17:00:00', '18:00:00', 14, 2, '17:00:00', 3),
(103, '16:00:00', '17:00:00', 18, 1, '16:00:00', 3),
(104, '17:00:00', '18:00:00', 18, 1, '17:00:00', 3),
(105, '17:00:00', '18:00:00', 17, 5, '17:00:00', 3),
(106, '18:00:00', '19:00:00', 17, 5, '18:00:00', 3),
(107, '17:00:00', '18:00:00', 13, 5, '17:00:00', 3),
(108, '18:00:00', '19:00:00', 13, 5, '18:00:00', 3),
(111, '18:00:00', '19:00:00', 21, 1, '18:00:00', 3),
(112, '19:00:00', '20:00:00', 21, 1, '19:00:00', 3),
(113, '18:00:00', '19:00:00', 20, 1, '18:00:00', 3),
(114, '19:00:00', '20:00:00', 20, 1, '19:00:00', 3),
(119, '18:00:00', '19:00:00', 22, 5, '18:00:00', 3),
(120, '19:00:00', '20:00:00', 22, 5, '19:00:00', 3),
(121, '15:00:00', '16:00:00', 19, 1, '15:00:00', 3),
(122, '18:00:00', '19:00:00', 19, 3, '18:00:00', 3),
(123, '16:20:00', '16:40:00', 23, 2, '16:00:00', 1),
(124, '16:40:00', '17:00:00', 23, 2, '16:20:00', 1),
(125, '17:00:00', '17:20:00', 23, 2, '16:40:00', 1),
(126, '17:20:00', '17:40:00', 23, 2, '17:00:00', 1),
(127, '17:40:00', '18:00:00', 23, 2, '17:20:00', 1),
(134, '16:00:00', '17:00:00', 2, 2, '16:00:00', 0),
(135, '17:00:00', '18:00:00', 2, 2, '17:00:00', 0);

-- --------------------------------------------------------

--
-- Tábla szerkezet ehhez a táblához `tau_users`
--

CREATE TABLE IF NOT EXISTS `tau_users` (
  `id` int(10) unsigned NOT NULL AUTO_INCREMENT,
  `is_account` tinyint(4) NOT NULL,
  `name` varchar(255) NOT NULL,
  `first_name` varchar(255) NOT NULL,
  `email` varchar(255) NOT NULL,
  `password` varchar(255) NOT NULL,
  `promo` int(11) NOT NULL,
  `is_admin` int(11) NOT NULL,
  `godfather` int(11) NOT NULL DEFAULT '0',
  `is_deleted` tinyint(11) NOT NULL,
  PRIMARY KEY (`id`)
) ENGINE=InnoDB  DEFAULT CHARSET=utf8 AUTO_INCREMENT=50 ;

--
-- A tábla adatainak kiíratása `tau_users`
--

INSERT INTO `tau_users` (`id`, `is_account`, `name`, `first_name`, `email`, `password`, `promo`, `is_admin`, `godfather`, `is_deleted`) VALUES
(2, 1, 'FENEUIL', 'Thibauld', 'thibauld.feneuil@e.rascol.net', 'to+lMaI8+p+l/yUmMOFAaQ==', 0, 1, 0, 0),
(3, 1, 'FACKLAM', 'Olivér', 'oliver.facklam.lfgeb@gmail.com', 'uRwlQYpXd1ly8/siiWbpFg==', 0, 1, 0, 0),
(4, 1, 'SOUM', 'Gabrielle', 'gabrielle.soum@gmail.com', 'MRidO7aeR7Nrv7CCRGz8tw==', 0, 1, 0, 0),
(5, 1, 'BELIN', 'Théo', 'theo.belin97@gmail.com', 'DOk9edORn1qgEb5HtXZQDQ==', 0, 1, 0, 0),
(6, 1, 'HAMBURA', 'Sebastian', 's.hambura@free.fr', 'eSfOoCXO37hs5ZfXBTel7A==', 0, 0, 0, 0),
(7, 1, 'AOUAD', 'Elias', 'eliasaouad97@gmail.com', 'rRMd3GzbqzB6OXMsmKeKmw==', 0, 0, 0, 0),
(8, 1, 'AYED', 'Tarek', 'ayed.tarek@gmail.com', 'YUk/1e5UnTqgLDaBlhwb3g==', 0, 0, 0, 0),
(9, 1, 'BALERAS', 'Alexis', 'alexisbaleras@free.fr', 'kFe9wpYgQtz27kKmBgNtMA==', 0, 0, 0, 0),
(10, 1, 'BARBERO', 'Anna', 'anna.barbero@icloud.com', 'egCU50Lq+hxXPacy4qFkow==', 0, 0, 0, 0),
(11, 1, 'BARBIER', 'Guillaume', 'barbier.guillaume60@gmail.com', 'OuzZvvXrAY8KyCgQ2gtYbQ==', 0, 0, 0, 0),
(12, 1, 'BIGEL', 'Amanda', 'amanda.diane.b@gmail.com', '6DeY2PIQy5dDLGV3T5yaMg==', 0, 0, 0, 0),
(13, 1, 'BINET', 'Alexandre', 'a_binet@hotmail.fr', 'oapBn+neoYtZq+9KaPdW4Q==', 0, 0, 0, 0),
(14, 1, 'BLANCHET', 'Thérèse', 'thereseblanchet@orange.fr', 'IySeTBGl4SkijG4IVT5Nyw==', 0, 0, 0, 0),
(15, 1, 'BOURDET', 'Léo', 'bourdet.lm@gmail.com', 'KSNzBSEULdXXdAacR60Cig==', 0, 0, 0, 0),
(16, 1, 'BOURGEAUX', 'Jacques', 'jacques.bourgeaux@yahoo.fr', 'bhGBky8m3a3NPY+uh2Zt2A==', 0, 0, 0, 0),
(17, 1, 'BURGER', 'Irène', 'irene_burger@hotmail.fr', 'JjfPBRmsLNfbNiQ4LVBZIQ==', 0, 0, 0, 0),
(18, 1, 'CHORFI', 'Malek', 'malek.c@orange.fr', 'SKIHohpn6r0qBLRBOqclbQ==', 0, 0, 0, 0),
(19, 1, 'COUTURIER', 'Alexis', 'couturier.alexis@yahoo.fr', 'kFe9wpYgQtz27kKmBgNtMA==', 0, 0, 0, 0),
(20, 1, 'COULMANN', 'Jan', 'jan.coulmann@hotmail.com', 'YFadRIjdJSN2jlrBcEGYxQ==', 0, 0, 0, 0),
(21, 1, 'DELESALLE', 'Gaspard', 'gasparddelesalle@gmail.com', 'HRaC61mbO5GfCuiDFzAieA==', 0, 0, 0, 0),
(22, 1, 'DESSERTAINE', 'Maxime', 'maxdessertaine@gmail.com', '3g4U45x608reJzDoRTe8Rg==', 0, 0, 0, 0),
(23, 1, 'FAYOLLE', 'Louise', 'louisamerique@gmail.com', 'DdwjTnFC2pnms5g7ux4CbQ==', 0, 0, 0, 0),
(24, 1, 'GEHIER', 'Lauryn', 'glauryn@hotmail.fr', '/ssjghIVfZ96He2b9HJ8pA==', 0, 0, 0, 0),
(25, 1, 'GREGOIR', 'Théophane', 'theophane.gregoir13@gmail.com', 'zPsXHkpF0GmHAh9FVwRwmw==', 0, 0, 0, 0),
(26, 1, 'GUIBE', 'Nicolas', 'nicolas@guibe.net', 'WIh07JrZPiJdSWmHSN0fdw==', 0, 0, 0, 0),
(27, 1, 'HAYOUN', 'Julie', 'jhayoun.4@gmail.com', 'shQZCo9FRA/UPWb6nkUOYQ==', 0, 0, 0, 0),
(28, 1, 'JACQUEMIN', 'Grégoire', 'jacquemin.greg@gmail.com', 'Z+A/p9YS51U2wrKgAg6n0w==', 0, 0, 0, 0),
(29, 1, 'JACQUET', 'Louis', 'louisjacquet@live.fr', 'XnpX18yyJcCTEmr6si9bkQ==', 0, 0, 0, 0),
(30, 1, 'LOUE', 'Alex', 'alex_loue@hotmail.com', '83q9+zd/udVNCWcvAXR8wQ==', 0, 0, 0, 0),
(31, 1, 'NGUYEN VAN MAI', 'Manon', 'manon.nvm@gmail.com', 'qz/GqeuBumiuFrvUX0IqYQ==', 0, 0, 0, 0),
(32, 1, 'PERSONNAZ', 'Pierre-Elie', 'personnaz.pe@gmail.com', 'B8VrLd87XU7T7YNNis7x7Q==', 0, 0, 0, 0),
(33, 1, 'PESME', 'Craig', 'craig.pesme@gmail.com', 'mKId7HQ2PiwG4SkgxhxaJg==', 0, 0, 0, 0),
(34, 1, 'PIZIGO', 'Alexandre', 'alex.pizigo@gmail.com', 'oapBn+neoYtZq+9KaPdW4Q==', 0, 0, 0, 0),
(35, 1, 'ROUCHER', 'Aymeric', 'aymeric.roucher@yahoo.fr', 'NBeUODIIqIuy4guW8uNYow==', 0, 0, 0, 0),
(36, 1, 'SALIB', 'Youssef', 'youssef.salib@outlook.com', 'XoKA18EuIn3WdH+Md/r28Q==', 0, 0, 0, 0),
(37, 1, 'SANCHO', 'Hugo', 'hshugos@gmail.com', 'tmZqZ7ZvjYW+w3ZcQ6/+Hw==', 0, 0, 0, 0),
(38, 1, 'SEYMAT', 'Maxence', 'seymat.maxence@laposte.net', 'ysuAQffMa31Qs2TFKonIXg==', 0, 0, 0, 0),
(39, 1, 'STAMPFLER', 'Tristan', 'tristan.stampfler@gmail.com', '7jYbtC61OWOwYxAZx7hsGA==', 0, 0, 0, 0),
(40, 1, 'VILLECROZE', 'Valentin', 'v.villecroze@gmail.com', '1cyJTltYgExlsZWyQKsjbQ==', 0, 0, 0, 0),
(41, 1, 'VOISARD', 'Celian', 'celian.voisard@free.fr', 'yvXc0yAbQrz9HKemAe9eDA==', 0, 0, 0, 0),
(42, 1, 'WALLAERT', 'Pierre', 'pierrewallaert@free.fr', 'NBYvnnDWZ6fW57R8oToU5w==', 0, 0, 0, 0),
(43, 1, 'WAN-FAT', 'Pierre', 'pierre.wanfat974@hotmail.fr', 'NBYvnnDWZ6fW57R8oToU5w==', 0, 0, 0, 0),
(44, 1, 'XU', 'Nicolas', 'nicolasfamillexu@hotmail.fr', 'WIh07JrZPiJdSWmHSN0fdw==', 0, 0, 0, 0),
(45, 1, 'ZAFAR', 'Paul-Emile', 'zafarpe@gmail.com', 'dF2vwrkVsPshat4hFQ4yZg==', 0, 0, 0, 0),
(46, 1, 'PRUDENT', 'Hugo', 'hugoprudent@sfr.fr', 'tmZqZ7ZvjYW+w3ZcQ6/+Hw==', 0, 0, 0, 0),
(47, 1, 'LEVY', 'Axel', 'levyaxel06@gmail.com', 'iUlzDM5RwpHUq6It0ssLXQ==', 0, 0, 0, 0),
(48, 1, 'ELHAJOUJI', 'Oualid', 'eljajouji.oualid@gmail.com', 'aBM3Pud7f2T7ANoUbis91w==', 0, 0, 0, 0),
(49, 1, 'MANTEAUX', 'Antoine', 'antoinemanteaux@gmail.com', 'fuY6ddSoud1pkPzjI99bDw==', 0, 0, 0, 0);

/*!40101 SET CHARACTER_SET_CLIENT=@OLD_CHARACTER_SET_CLIENT */;
/*!40101 SET CHARACTER_SET_RESULTS=@OLD_CHARACTER_SET_RESULTS */;
/*!40101 SET COLLATION_CONNECTION=@OLD_COLLATION_CONNECTION */;
